Game,Ranking,Metascore,Platform,Release Month,Release Day,Release Year
The Legend of Zelda: Ocarina of Time,1,99,Nintendo 64,November,23,1998
Tony Hawk's Pro Skater 2,2,98,PlayStation,September,20,2000
Grand Theft Auto IV,3,98,PlayStation 3,April,29,2008
SoulCalibur,4,98,Dreamcast,September,8,1999
Grand Theft Auto IV,5,98,Xbox 360,April,29,2008
Super Mario Galaxy,6,97,Wii,November,12,2007
Super Mario Galaxy 2,7,97,Wii,May,23,2010
Red Dead Redemption 2,8,97,Xbox One,October,26,2018
Grand Theft Auto V,9,97,Xbox One,November,18,2014
Grand Theft Auto V,10,97,PlayStation 3,September,17,2013
Disco Elysium: The Final Cut,11,97,PC,March,30,2021
Grand Theft Auto V,12,97,Xbox 360,September,17,2013
Tony Hawk's Pro Skater 2,13,97,Dreamcast,November,6,2000
The Legend of Zelda: Breath of the Wild,14,97,Switch,March,3,2017
Tony Hawk's Pro Skater 3,15,97,PlayStation 2,October,28,2001
Perfect Dark,16,97,Nintendo 64,May,22,2000
Red Dead Redemption 2,17,97,PlayStation 4,October,26,2018
Grand Theft Auto V,18,97,PlayStation 4,November,18,2014
Metroid Prime,19,97,GameCube,November,17,2002
Grand Theft Auto III,20,97,PlayStation 2,October,22,2001
Super Mario Odyssey,21,97,Switch,October,27,2017
Halo: Combat Evolved,22,97,Xbox,November,14,2001
NFL 2K1,23,97,Dreamcast,September,7,2000
Half-Life 2,24,96,PC,November,16,2004
Grand Theft Auto V,25,96,PC,April,13,2015
The Legend of Zelda: Breath of the Wild,26,96,Wii U,March,3,2017
BioShock,27,96,Xbox 360,August,21,2007
GoldenEye 007,28,96,Nintendo 64,August,25,1997
Uncharted 2: Among Thieves,29,96,PlayStation 3,October,13,2009
Resident Evil 4,30,96,GameCube,January,11,2005
The Orange Box,31,96,Xbox 360,October,10,2007
The Orange Box,32,96,PC,October,10,2007
Batman: Arkham City,33,96,PlayStation 3,October,18,2011
Tekken 3,34,96,PlayStation,April,29,1998
Mass Effect 2,35,96,Xbox 360,January,26,2010
The House in Fata Morgana - Dreams of the Revenants Edition -,36,96,Switch,April,9,2021
The Legend of Zelda: Twilight Princess,37,96,GameCube,December,11,2006
The Elder Scrolls V: Skyrim,38,96,Xbox 360,November,11,2011
Half-Life,39,96,PC,November,19,1998
Resident Evil 4,40,96,PlayStation 2,October,25,2005
The Legend of Zelda: The Wind Waker,41,96,GameCube,March,24,2003
Gran Turismo,42,96,PlayStation,April,30,1998
BioShock,43,96,PC,August,21,2007
Metal Gear Solid 2: Sons of Liberty,44,96,PlayStation 2,November,12,2001
Grand Theft Auto Double Pack,45,96,Xbox,October,31,2003
Baldur's Gate II: Shadows of Amn,46,95,PC,September,24,2000
Grand Theft Auto: San Andreas,47,95,PlayStation 2,October,26,2004
Grand Theft Auto: Vice City,48,95,PlayStation 2,October,27,2002
LittleBigPlanet,49,95,PlayStation 3,October,27,2008
Tetris Effect: Connected,50,95,Switch,October,8,2021
The Legend of Zelda Collector's Edition,51,95,GameCube,November,17,2003
Red Dead Redemption,52,95,PlayStation 3,May,18,2010
Gran Turismo 3: A-Spec,53,95,PlayStation 2,July,9,2001
Halo 2,54,95,Xbox,November,9,2004
The Legend of Zelda: A Link to the Past,55,95,Game Boy Advance,December,3,2002
The Legend of Zelda: Majora's Mask,56,95,Nintendo 64,October,25,2000
The Last of Us,57,95,PlayStation 3,June,14,2013
The Legend of Zelda: Twilight Princess,58,95,Wii,November,19,2006
Madden NFL 2003,59,95,PlayStation 2,August,12,2002
Tony Hawk's Pro Skater 2,60,95,Game Boy Advance,May,30,2001
Persona 5 Royal,61,95,PlayStation 4,March,31,2020
The Last of Us Remastered,62,95,PlayStation 4,July,29,2014
Portal 2,63,95,PC,April,18,2011
Red Dead Redemption,64,95,Xbox 360,May,18,2010
Portal 2,65,95,Xbox 360,April,19,2011
Metal Gear Solid V: The Phantom Pain,66,95,Xbox One,September,1,2015
Portal 2,67,95,PlayStation 3,April,19,2011
World of Goo,68,94,Wii,October,13,2008
The Elder Scrolls V: Skyrim,69,94,PC,November,10,2011
BioShock Infinite,70,94,PlayStation 3,March,26,2013
Final Fantasy IX,71,94,PlayStation,November,13,2000
Call of Duty: Modern Warfare 2,72,94,PlayStation 3,November,10,2009
God of War,73,94,PlayStation 4,April,20,2018
Tony Hawk's Pro Skater 4,74,94,PlayStation 2,October,23,2002
Devil May Cry,75,94,PlayStation 2,October,16,2001
Call of Duty 4: Modern Warfare,76,94,PlayStation 3,November,5,2007
Madden NFL 2002,77,94,PlayStation 2,August,19,2001
Batman: Arkham City,78,94,Xbox 360,October,18,2011
Mass Effect 2,79,94,PC,January,26,2010
The Legend of Zelda: Ocarina of Time 3D,80,94,3DS,June,19,2011
Chrono Cross,81,94,PlayStation,August,15,2000
Celeste,82,94,Xbox One,January,26,2018
BioShock,83,94,PlayStation 3,October,21,2008
Mass Effect 2,84,94,PlayStation 3,January,17,2011
Grand Theft Auto: Vice City,85,94,PC,May,12,2003
Madden NFL 2004,86,94,PlayStation 2,August,12,2003
Gears of War,87,94,Xbox 360,November,7,2006
The Elder Scrolls IV: Oblivion,88,94,Xbox 360,March,20,2006
Sid Meier's Civilization II,89,94,PC,February,29,1996
Quake,90,94,PC,June,22,1996
Call of Duty 4: Modern Warfare,91,94,Xbox 360,November,5,2007
BioShock Infinite,92,94,PC,March,25,2013
Halo 3,93,94,Xbox 360,September,25,2007
Ninja Gaiden Black,94,94,Xbox,September,20,2005
The Elder Scrolls IV: Oblivion,95,94,PC,March,20,2006
Street Fighter IV,96,94,PlayStation 3,February,17,2009
Super Mario Advance 4: Super Mario Bros. 3,97,94,Game Boy Advance,October,21,2003
Jet Grind Radio,98,94,Dreamcast,October,30,2000
Metal Gear Solid,99,94,PlayStation,October,21,1998
Grim Fandango,100,94,PC,October,14,1998
Tom Clancy's Splinter Cell Chaos Theory,101,94,Xbox,March,28,2005
Resident Evil Code: Veronica,102,94,Dreamcast,February,29,2000
Burnout 3: Takedown,103,94,Xbox,September,7,2004
Diablo,104,94,PC,December,31,1996
Metal Gear Solid 3: Subsistence,105,94,PlayStation 2,March,14,2006
Call of Duty: Modern Warfare 2,106,94,Xbox 360,November,10,2009
Metal Gear Solid 4: Guns of the Patriots,107,94,PlayStation 3,June,12,2008
NCAA Football 2004,108,94,PlayStation 2,July,16,2003
God of War,109,94,PlayStation 2,March,22,2005
Star Wars: Knights of the Old Republic,110,94,Xbox,July,17,2003
Sid Meier's Civilization IV,111,94,PC,October,25,2005
Madden NFL 2004,112,94,GameCube,August,12,2003
Virtua Fighter 4,113,94,PlayStation 2,March,17,2002
Super Mario 64,114,94,Nintendo 64,September,26,1996
The Witcher 3: Wild Hunt,115,93,PC,May,18,2015
Burnout 3: Takedown,116,93,PlayStation 2,September,7,2004
Super Smash Bros. Brawl,117,93,Wii,March,9,2008
Company of Heroes,118,93,PC,September,13,2006
Gran Turismo 2,119,93,PlayStation,November,30,1999
The Last of Us Part II,120,93,PlayStation 4,June,19,2020
Hades,121,93,Xbox Series X,August,13,2021
Tom Clancy's Splinter Cell Pandora Tomorrow,122,93,Xbox,March,23,2004
Grand Theft Auto: Chinatown Wars,123,93,DS,March,17,2009
Pac-Man Championship Edition DX,124,93,Xbox 360,November,17,2010
Street Fighter Alpha 3,125,93,PlayStation,April,30,1999
Hades,126,93,Switch,September,17,2020
Tony Hawk's Pro Skater 3,127,93,Xbox,March,4,2002
Half-Life: Alyx,128,93,PC,March,23,2020
Divinity: Original Sin II - Definitive Edition,129,93,Switch,September,4,2019
Divinity: Original Sin II,130,93,PC,September,14,2017
Unreal Tournament 2004,131,93,PC,March,16,2004
BioShock Infinite,132,93,Xbox 360,March,26,2013
Ori and the Will of the Wisps,133,93,Switch,September,17,2020
Braid,134,93,Xbox 360,August,6,2008
God of War II,135,93,PlayStation 2,March,13,2007
Super Mario 3D World,136,93,Wii U,November,22,2013
Starcraft II: Wings of Liberty,137,93,PC,July,27,2010
SSX,138,93,PlayStation 2,October,30,2000
Street Fighter IV,139,93,Xbox 360,February,17,2009
Minecraft,140,93,PC,November,18,2011
Undertale,141,93,Switch,September,18,2018
Persona 4 Golden,142,93,PlayStation Vita,November,20,2012
Persona 5,143,93,PlayStation 4,April,4,2017
Red Dead Redemption 2,144,93,PC,November,5,2019
SSX 3,145,93,PlayStation 2,October,20,2003
Tom Clancy's Splinter Cell,146,93,Xbox,November,17,2002
Grand Theft Auto III,147,93,PC,May,20,2002
Quake III Arena,148,93,Dreamcast,October,22,2000
Homeworld,149,93,PC,August,31,1999
God of War,150,93,PC,January,14,2022
Okami,151,93,PlayStation 2,September,19,2006
The Elder Scrolls IV: Oblivion,152,93,PlayStation 3,March,20,2007
Fallout 3,153,93,Xbox 360,October,28,2008
Gears of War 2,154,93,Xbox 360,November,7,2008
Final Fantasy XIV: Endwalker,155,93,PlayStation 5,December,7,2021
SoulCalibur II,156,93,GameCube,August,27,2003
World Soccer Winning Eleven 6 International,157,93,PlayStation 2,March,11,2003
NFL 2K3,158,93,PlayStation 2,August,12,2002
Mass Effect 3,159,93,Xbox 360,March,6,2012
Hades,160,93,PlayStation 5,August,13,2021
Metal Gear Solid V: The Phantom Pain,161,93,PlayStation 4,September,1,2015
Skies of Arcadia,162,93,Dreamcast,November,13,2000
The Legend of Zelda: Skyward Sword,163,93,Wii,November,20,2011
Mario Kart Super Circuit,164,93,Game Boy Advance,August,26,2001
Beat Saber,165,93,PC,May,21,2019
Rock Band 3,166,93,Xbox 360,October,26,2010
Viewtiful Joe,167,93,GameCube,October,7,2003
Test Drive Le Mans,168,93,Dreamcast,November,13,2000
NBA 2K1,169,93,Dreamcast,November,1,2000
Castlevania: Symphony of the Night,170,93,PlayStation,October,2,1997
Hades,171,93,PC,September,17,2020
Star Wars: Knights of the Old Republic,172,93,PC,November,18,2003
Virtua Fighter 4: Evolution,173,93,PlayStation 2,August,13,2003
Uncharted 4: A Thief's End,174,93,PlayStation 4,May,10,2016
Super Smash Bros. Ultimate,175,93,Switch,December,7,2018
Braid,176,93,PlayStation 3,November,12,2009
Mass Effect 3,177,93,PlayStation 3,March,5,2012
Paper Mario,178,93,Nintendo 64,February,5,2001
Wipeout XL,179,93,PlayStation,September,30,1996
Grand Theft Auto: San Andreas,180,93,Xbox,June,7,2005
Resident Evil 2,181,93,Xbox One,January,25,2019
INSIDE,182,93,Xbox One,June,29,2016
World of Warcraft,183,93,PC,November,23,2004
Grand Theft Auto: San Andreas,184,93,PC,June,7,2005
Flipnote Studio,185,93,DS,August,12,2009
World Soccer Winning Eleven 7 International,186,93,PlayStation 2,February,17,2004
NBA 2K2,187,93,Dreamcast,October,24,2001
SoulCalibur II,188,92,PlayStation 2,August,27,2003
The Elder Scrolls V: Skyrim,189,92,PlayStation 3,November,11,2011
Prince of Persia: The Sands of Time,190,92,Xbox,November,12,2003
Call of Duty 4: Modern Warfare,191,92,PC,November,5,2007
Forza Horizon 4,192,92,Xbox One,September,28,2018
God of War III,193,92,PlayStation 3,March,16,2010
Divinity: Original Sin II - Definitive Edition,194,92,Xbox One,August,31,2018
NFL 2K3,195,92,GameCube,August,21,2002
SSX Tricky,196,92,PlayStation 2,November,5,2001
NHL 2002,197,92,PlayStation 2,September,24,2001
Guitar Hero II,198,92,Xbox 360,April,3,2007
Prince of Persia: The Sands of Time,199,92,PlayStation 2,November,6,2003
Uncharted 3: Drake's Deception,200,92,PlayStation 3,November,1,2011
Rock Band,201,92,Xbox 360,November,20,2007
Journey,202,92,PlayStation 4,July,21,2015
Bloodborne,203,92,PlayStation 4,March,24,2015
Eternal Darkness: Sanity's Requiem,204,92,GameCube,June,23,2002
Warcraft III: Reign of Chaos,205,92,PC,July,3,2002
SSX 3,206,92,GameCube,October,20,2003
The Sims,207,92,PC,February,4,2000
Banjo-Kazooie,208,92,Nintendo 64,May,31,1998
Sid Meier's Gettysburg!,209,92,PC,September,30,1997
Celeste,210,92,Switch,January,25,2018
Rock Band 2,211,92,Wii,December,18,2008
Forza Motorsport,212,92,Xbox,May,3,2005
Madden NFL 2004,213,92,Xbox,August,12,2003
Super Street Fighter IV,214,92,PlayStation 3,April,27,2010
World Soccer Winning Eleven 7 International,215,92,PC,April,9,2004
Advance Wars,216,92,Game Boy Advance,September,9,2001
Vagrant Story,217,92,PlayStation,May,15,2000
Forza Horizon 5,218,92,Xbox Series X,November,5,2021
What Remains of Edith Finch,219,92,Xbox One,July,19,2017
Team Fortress 2,220,92,PC,October,10,2007
System Shock 2,221,92,PC,August,11,1999
Tom Clancy's Splinter Cell: Chaos Theory,222,92,PC,March,28,2005
Final Fantasy XII,223,92,PlayStation 2,October,31,2006
Undertale,224,92,PlayStation 4,August,15,2017
Madden NFL 2003,225,92,GameCube,August,12,2002
The Witcher 3: Wild Hunt,226,92,PlayStation 4,May,19,2015
Super Mario World: Super Mario Advance 2,227,92,Game Boy Advance,February,9,2002
ESPN NFL 2K5,228,92,Xbox,July,20,2004
Super Smash Bros. Melee,229,92,GameCube,December,2,2001
Madden NFL 2003,230,92,Xbox,August,12,2002
Virtua Tennis,231,92,Dreamcast,June,8,2000
Rome: Total War,232,92,PC,September,22,2004
Forza Motorsport 3,233,92,Xbox 360,October,27,2009
Demon's Souls,234,92,PlayStation 5,November,12,2020
Okami HD,235,92,PC,December,12,2017
Undertale,236,92,PC,September,15,2015
Batman: Arkham Asylum,237,92,Xbox 360,August,25,2009
Super Mario Sunshine,238,92,GameCube,August,25,2002
SSX 3,239,92,Xbox,October,20,2003
SoulCalibur II,240,92,Xbox,August,27,2003
Tony Hawk's Pro Skater,241,92,PlayStation,August,31,1999
Thief: The Dark Project,242,92,PC,November,30,1998
Fire Emblem: Awakening,243,92,3DS,February,4,2013
Age of Empires II: The Age of Kings,244,92,PC,September,30,1999
Final Fantasy X,245,92,PlayStation 2,December,17,2001
Prince of Persia: The Sands of Time,246,92,GameCube,November,18,2003
The Walking Dead: A Telltale Games Series,247,92,Xbox 360,April,27,2012
Unreal Tournament (1999),248,92,PC,November,30,1999
Sid Meier's Alpha Centauri,249,92,PC,February,12,1999
Wave Race 64,250,92,Nintendo 64,November,1,1996
Divinity: Original Sin II - Definitive Edition,251,92,PlayStation 4,August,31,2018
Galactic Civilizations II: Twilight of the Arnor,252,92,PC,April,30,2008
Super Smash Bros. for Wii U,253,92,Wii U,November,21,2014
Guitar Hero II,254,92,PlayStation 2,November,7,2006
Final Fantasy VII,255,92,PlayStation,September,3,1997
Rock Band,256,92,PlayStation 3,November,20,2007
Chrono Trigger,257,92,DS,November,25,2008
Bayonetta 2,258,92,Switch,February,16,2018
Journey,259,92,PlayStation 3,March,13,2012
Xenoblade Chronicles,260,92,Wii,April,6,2012
Conker's Bad Fur Day,261,92,Nintendo 64,March,4,2001
Medal of Honor,262,92,PlayStation,October,31,1999
PaRappa the Rapper,263,92,PlayStation,October,31,1997
Rock Band 2,264,92,Xbox 360,September,14,2008
Mario Kart 8 Deluxe,265,92,Switch,April,28,2017
The ICO & Shadow of the Colossus Collection,266,92,PlayStation 3,September,27,2011
Rayman Origins,267,92,Wii,November,15,2011
Metroid Prime 2: Echoes,268,92,GameCube,November,15,2004
Out of the Park Baseball 17,269,92,PC,March,22,2016
Metroid Fusion,270,92,Game Boy Advance,November,17,2002
The Witcher 3: Wild Hunt - Blood and Wine,271,92,PC,May,30,2016
Final Fantasy VI Advance,272,92,Game Boy Advance,February,5,2007
Rayman Legends,273,92,Wii U,September,3,2013
Dragon Quest XI S: Echoes of an Elusive Age - Definitive Edition,274,92,Xbox One,December,4,2020
Tiger Woods PGA Tour 2003,275,92,PC,November,5,2002
Madden NFL 2005,276,91,Xbox,August,9,2004
Super Street Fighter IV,277,91,Xbox 360,April,27,2010
Pac-Man Championship Edition DX,278,91,PlayStation 3,November,23,2010
Rock Band 2,279,91,PlayStation 3,October,19,2008
Dark Souls II,280,91,Xbox 360,March,11,2014
Dishonored,281,91,PC,October,8,2012
ESPN NFL Football,282,91,PlayStation 2,September,3,2003
Medal of Honor: Allied Assault,283,91,PC,January,20,2002
Myth: The Fallen Lords,284,91,PC,October,31,1997
LittleBigPlanet 2,285,91,PlayStation 3,January,18,2011
INSIDE,286,91,Switch,June,28,2018
Microsoft Flight Simulator,287,91,PC,August,18,2020
Guitar Hero,288,91,PlayStation 2,November,7,2005
World of Warcraft: Wrath of the Lich King,289,91,PC,November,13,2008
Rock Band 3,290,91,Wii,October,26,2010
Metroid Prime Trilogy,291,91,Wii,August,24,2009
Overwatch,292,91,PC,May,23,2016
F1 Challenge '99-'02,293,91,PC,June,24,2003
Tony Hawk's Pro Skater 4,294,91,GameCube,October,23,2002
Madden NFL 2001,295,91,PlayStation 2,October,23,2000
Baldur's Gate,296,91,PC,December,21,1998
Bayonetta 2,297,91,Wii U,September,20,2014
The Witcher 3: Wild Hunt,298,91,Xbox One,May,19,2015
Rock Band 3,299,91,PlayStation 3,October,26,2010
Klonoa 2: Lunatea's Veil,300,91,PlayStation 2,July,25,2001
IL-2 Sturmovik,301,91,PC,November,18,2001
Mario Tennis,302,91,Nintendo 64,August,28,2000
FreeSpace 2,303,91,PC,September,30,1999
Colony Wars,304,91,PlayStation,October,31,1997
Metal Gear Solid V: The Phantom Pain,305,91,PC,September,1,2015
Ratchet & Clank: Up Your Arsenal,306,91,PlayStation 2,November,3,2004
Resident Evil (2002),307,91,GameCube,April,30,2002
FIFA Soccer 10,308,91,PlayStation 3,October,20,2009
Final Fantasy XIV: Endwalker,309,91,PC,December,7,2021
Assassin's Creed II,310,91,PlayStation 3,November,17,2009
Metal Gear Solid 3: Snake Eater,311,91,PlayStation 2,November,17,2004
Dragon Quest XI S: Echoes of an Elusive Age - Definitive Edition,312,91,Switch,September,27,2019
Twisted Metal: Black,313,91,PlayStation 2,June,18,2001
Spyro: Year of the Dragon,314,91,PlayStation,October,23,2000
Tomb Raider,315,91,PlayStation,November,15,1996
Overwatch,316,91,Xbox One,May,23,2016
Sekiro: Shadows Die Twice,317,91,Xbox One,March,22,2019
Resident Evil 4: Wii Edition,318,91,Wii,June,19,2007
Shadow of the Colossus,319,91,PlayStation 2,October,18,2005
Forza Horizon 3,320,91,Xbox One,September,23,2016
Peggle,321,91,PlayStation 3,November,19,2009
The Legend of Zelda: Ocarina of Time / Master Quest,322,91,GameCube,February,28,2003
Borderlands 2,323,91,PlayStation 3,September,18,2012
Sonic Mania Plus,324,91,Switch,July,17,2018
Tom Clancy's Splinter Cell,325,91,PC,February,19,2003
Forza Horizon 5,326,91,PC,November,9,2021
Dead Cells,327,91,Xbox One,August,7,2018
Kentucky Route Zero - Act III,328,91,PC,May,6,2014
NCAA Football 2003,329,91,PlayStation 2,July,20,2002
Crysis,330,91,PC,November,13,2007
Ninja Gaiden,331,91,Xbox,March,2,2004
God of War: Chains of Olympus,332,91,PSP,March,4,2008
Final Fantasy XIV: Shadowbringers,333,91,PlayStation 4,July,2,2019
DOA2: Hardcore,334,91,PlayStation 2,October,25,2000
World of Warcraft: The Burning Crusade,335,91,PC,January,16,2007
MLB 10: The Show,336,91,PlayStation 3,March,2,2010
Shadow of the Colossus,337,91,PlayStation 4,February,6,2018
Yoshi's Island: Super Mario Advance 3,338,91,Game Boy Advance,September,24,2002
The Witcher 3: Wild Hunt - Blood and Wine,339,91,PlayStation 4,May,30,2016
Tiger Woods PGA Tour 2005,340,91,PC,September,20,2004
ESPN NFL Football,341,91,Xbox,September,3,2003
NCAA Football 2003,342,91,GameCube,July,20,2002
The Longest Journey,343,91,PC,November,16,2000
Tony Hawk's Pro Skater 2,344,91,PC,October,25,2000
Star Wars Jedi Knight: Dark Forces II,345,91,PC,October,9,1997
Batman: Arkham Asylum,346,91,PC,September,15,2009
Halo: Reach,347,91,Xbox 360,September,14,2010
Galactic Civilizations II: Dark Avatar,348,91,PC,February,14,2007
Mass Effect,349,91,Xbox 360,November,20,2007
The Operative: No One Lives Forever,350,91,PC,November,11,2000
Resident Evil 3: Nemesis,351,91,PlayStation,November,11,1999
Crusader Kings III,352,91,PC,September,1,2020
Forza Motorsport 4,353,91,Xbox 360,October,11,2011
Resident Evil,354,91,PlayStation,March,30,1996
Psychonauts 2,355,91,Xbox One,August,25,2021
Battlefield 2,356,91,PC,June,21,2005
God of War Collection,357,91,PlayStation 3,November,17,2009
Celeste,358,91,PlayStation 4,January,25,2018
Madden NFL 2005,359,91,PlayStation 2,August,9,2004
Tony Hawk's Pro Skater 3,360,91,GameCube,November,13,2001
Street Fighter IV,361,91,PC,July,1,2009
Fallout 3,362,91,PC,October,28,2008
Batman: Arkham City,363,91,PC,November,21,2011
Fez,364,91,PC,May,1,2013
Planescape: Torment,365,91,PC,December,14,1999
Gears of War 3,366,91,Xbox 360,September,20,2011
Killzone 2,367,91,PlayStation 3,February,27,2009
Neverwinter Nights,368,91,PC,June,16,2002
Batman: Arkham Asylum,369,91,PlayStation 3,August,25,2009
Castlevania: Aria of Sorrow,370,91,Game Boy Advance,May,6,2003
No One Lives Forever 2: A Spy in H.A.R.M.'s Way,371,91,PC,September,30,2002
INSIDE,372,91,PlayStation 4,August,23,2016
Legacy of Kain: Soul Reaver,373,91,PlayStation,August,16,1999
Dragon Age: Origins,374,91,PC,November,3,2009
Golden Sun,375,91,Game Boy Advance,November,11,2001
Rayman Legends,376,91,PlayStation 3,September,3,2013
F1 2020,377,91,Xbox One,July,10,2020
Mark of the Ninja,378,91,PC,October,16,2012
Disco Elysium,379,91,PC,October,15,2019
World Soccer Winning Eleven 8 International,380,91,PlayStation 2,February,1,2005
SteamWorld Heist: Ultimate Edition,381,91,Switch,December,28,2017
The Legend of Zelda: A Link Between Worlds,382,91,3DS,November,22,2013
NieR: Automata - Game of the YoRHa Edition,383,91,PlayStation 4,February,26,2019
Dark Souls II,384,91,PC,April,25,2014
Castlevania: Circle of the Moon,385,91,Game Boy Advance,June,10,2001
Resident Evil 2,386,91,PlayStation 4,January,25,2019
Spelunky 2,387,91,PC,September,29,2020
Far Cry 3,388,91,Xbox 360,December,4,2012
Dark Souls II,389,91,PlayStation 3,March,11,2014
Shovel Knight: Treasure Trove,390,91,Switch,March,3,2017
Dragon Quest XI S: Echoes of an Elusive Age - Definitive Edition,391,91,PlayStation 4,December,4,2020
flower,392,91,PlayStation 4,November,15,2013
Mario Kart DS,393,91,DS,November,14,2005
Call of Duty,394,91,PC,October,29,2003
Madden NFL 2004,395,91,PC,August,12,2003
Mario Golf,396,91,Nintendo 64,June,30,1999
Crash Bandicoot 3: Warped,397,91,PlayStation,October,31,1998
Assassin's Creed II,398,90,Xbox 360,November,17,2009
Project Gotham Racing 2,399,90,Xbox,November,17,2003
NBA 2K12,400,90,PlayStation 3,October,4,2011
Animal Crossing: New Horizons,401,90,Switch,March,20,2020
The Sims 2,402,90,PC,September,14,2004
Final Fantasy XIV: Shadowbringers,403,90,PC,July,2,2019
World of Warcraft: Cataclysm,404,90,PC,December,7,2010
Half-Life 2,405,90,Xbox,November,15,2005
NCAA Football 2003,406,90,Xbox,July,20,2002
Rayman 2: The Great Escape,407,90,Nintendo 64,October,31,1999
Bayonetta,408,90,Xbox 360,January,5,2010
Diablo III: Ultimate Evil Edition,409,90,PlayStation 4,August,19,2014
Overwatch,410,90,PlayStation 4,May,23,2016
Far Cry 3,411,90,PlayStation 3,December,4,2012
ICO,412,90,PlayStation 2,September,24,2001
Tom Clancy's Ghost Recon Advanced Warfighter,413,90,Xbox 360,March,9,2006
FIFA Soccer 12,414,90,PlayStation 3,September,27,2011
World of Goo,415,90,PC,October,12,2008
Mario & Luigi: Superstar Saga,416,90,Game Boy Advance,November,17,2003
Shovel Knight,417,90,PlayStation 4,April,21,2015
Tony Hawk's Underground,418,90,PlayStation 2,October,27,2003
Marvel vs. Capcom 2,419,90,Dreamcast,June,29,2000
Ape Escape,420,90,PlayStation,May,31,1999
Syphon Filter,421,90,PlayStation,January,31,1999
Mario & Luigi: Bowser's Inside Story,422,90,DS,September,14,2009
Trials Evolution,423,90,Xbox 360,April,18,2012
Grand Theft Auto IV: The Lost and Damned,424,90,Xbox 360,February,17,2009
FIFA Soccer 12,425,90,Xbox 360,September,27,2011
Monster Hunter: World - Iceborne,426,90,Xbox One,September,6,2019
Factorio,427,90,PC,August,14,2020
Spelunky,428,90,PC,August,8,2013
FIFA Soccer 10,429,90,Xbox 360,October,20,2009
Ratchet & Clank: Going Commando,430,90,PlayStation 2,November,11,2003
NBA Street Vol. 2,431,90,PlayStation 2,April,28,2003
Tennis 2K2,432,90,Dreamcast,October,24,2001
Black & White,433,90,PC,March,26,2001
Fallout 3,434,90,PlayStation 3,October,28,2008
The Legend of Zelda: The Wind Waker HD,435,90,Wii U,September,20,2013
Ori and the Blind Forest: Definitive Edition,436,90,Switch,September,27,2019
ESPN NFL 2K5,437,90,PlayStation 2,July,20,2004
Portal,438,90,PC,October,10,2007
Tetris Effect,439,90,PC,July,23,2019
The Legend of Zelda: Phantom Hourglass,440,90,DS,October,1,2007
MVP Baseball 2004,441,90,PlayStation 2,March,9,2004
Tony Hawk's Pro Skater 3,442,90,Game Boy Advance,March,4,2002
Dance Dance Revolution,443,90,PlayStation,May,9,2001
NHL 2001,444,90,PC,September,28,2000
Advance Wars: Dual Strike,445,90,DS,August,22,2005
Rayman Legends,446,90,PlayStation 4,February,18,2014
MLB 11: The Show,447,90,PlayStation 3,March,8,2011
NieR: Automata - Become as Gods Edition,448,90,Xbox One,June,26,2018
Jak and Daxter: The Precursor Legacy,449,90,PlayStation 2,December,3,2001
Star Wars Rogue Leader: Rogue Squadron II,450,90,GameCube,November,9,2001
Microsoft Flight Simulator,451,90,Xbox Series X,July,27,2021
Bastion,452,90,Switch,September,13,2018
Monster Hunter: World,453,90,Xbox One,January,26,2018
Stephen's Sausage Roll,454,90,PC,April,18,2016
Velocity 2X,455,90,PlayStation Vita,September,2,2014
Burnout Revenge,456,90,PlayStation 2,September,13,2005
Tony Hawk's Pro Skater 3,457,90,PC,March,28,2002
NBA 2K2,458,90,GameCube,March,20,2002
NCAA Football 2002,459,90,PlayStation 2,July,23,2001
Unreal Tournament,460,90,Dreamcast,March,13,2001
Deus Ex,461,90,PC,June,23,2000
Donkey Kong 64,462,90,Nintendo 64,October,31,1999
Panzer Dragoon Orta,463,90,Xbox,January,12,2003
Portal: Still Alive,464,90,Xbox 360,October,22,2008
Half-Life 2: Episode Two,465,90,PC,October,10,2007
Fez,466,90,PlayStation 4,March,25,2014
Braid,467,90,PC,April,10,2009
The Chronicles of Riddick: Escape From Butcher Bay - Developer's Cut,468,90,PC,December,8,2004
Shin Megami Tensei: Persona 4,469,90,PlayStation 2,December,8,2008
Hollow Knight,470,90,Switch,June,12,2018
MLB 09: The Show,471,90,PlayStation 3,March,3,2009
Blast Corps,472,90,Nintendo 64,February,28,1997
Shovel Knight,473,90,3DS,June,26,2014
Ori and the Will of the Wisps,474,90,Xbox One,March,11,2020
MVP Baseball 2004,475,90,Xbox,March,9,2004
Tony Hawk's Pro Skater 4,476,90,Xbox,October,23,2002
Sid Meier's Civilization III,477,90,PC,October,30,2001
NFL 2K2,478,90,Dreamcast,September,19,2001
WWF SmackDown! 2: Know Your Role,479,90,PlayStation,November,21,2000
LIMBO,480,90,Xbox 360,July,21,2010
Mark of the Ninja,481,90,Xbox 360,September,7,2012
Silent Hunter III,482,90,PC,March,15,2005
Bayonetta,483,90,PC,April,11,2017
Assassin's Creed: Brotherhood,484,90,PlayStation 3,November,16,2010
Okami,485,90,Wii,April,15,2008
Super Meat Boy,486,90,Xbox 360,October,20,2010
Grand Theft Auto: Chinatown Wars,487,90,PSP,October,20,2009
Dead Space 2,488,90,Xbox 360,January,25,2011
Pikmin 2,489,90,GameCube,August,30,2004
Okami HD,490,90,PlayStation 3,October,30,2012
NBA 2K17,491,90,Xbox One,September,16,2016
Madden NFL 2002,492,90,Xbox,October,29,2001
Grandia II,493,90,Dreamcast,December,6,2000
Geometry Wars: Retro Evolved 2,494,90,Xbox 360,July,30,2008
Sid Meier's Civilization V,495,90,PC,September,21,2010
Super Mario 3D Land,496,90,3DS,November,13,2011
Mario Kart 8 DLC Pack 2,497,90,Wii U,April,23,2015
Falcon 4.0: Allied Force,498,90,PC,June,28,2005
Deus Ex: Human Revolution,499,90,PC,August,23,2011
XCOM: Enemy Unknown,500,90,Xbox 360,October,9,2012
Metroid Prime 3: Corruption,501,90,Wii,August,27,2007
Monster Hunter: World,502,90,PlayStation 4,January,26,2018
Flight Simulator 2002,503,90,PC,October,19,2001
Banjo-Tooie,504,90,Nintendo 64,November,19,2000
Brothers: A Tale of Two Sons,505,90,PC,September,3,2013
Dota 2,506,90,PC,July,9,2013
World Soccer Winning Eleven 8 International,507,90,Xbox,February,2,2005
TimeSplitters 2,508,90,PlayStation 2,October,9,2002
Guild Wars 2,509,90,PC,August,28,2012
Forza Motorsport 2,510,90,Xbox 360,May,29,2007
Tales From The Borderlands: Episode 5 - The Vault of the Traveler,511,90,PlayStation 4,October,20,2015
Pushmo,512,90,3DS,December,8,2011
The Witcher 3: Wild Hunt - Hearts of Stone,513,90,PlayStation 4,October,12,2015
Metal Gear Solid HD Collection,514,90,Xbox 360,November,8,2011
Viewtiful Joe,515,90,PlayStation 2,August,24,2004
Madden NFL 2005,516,90,GameCube,August,9,2004
Tiger Woods PGA Tour 2003,517,90,GameCube,October,27,2002
Freedom Force,518,90,PC,March,24,2002
NBA 2K2,519,90,Xbox,February,27,2002
Colin McRae Rally 2.0,520,90,PlayStation,December,5,2000
FIFA Soccer 13,521,90,Xbox 360,September,25,2012
Tony Hawk's Pro Skater 1 + 2,522,90,PlayStation 5,March,26,2021
Into the Breach,523,90,PC,February,27,2018
Chicory: A Colorful Tale,524,90,PC,June,10,2021
LIMBO,525,90,PlayStation 3,July,19,2011
GTR 2,526,90,PC,September,29,2006
Sekiro: Shadows Die Twice,527,90,PlayStation 4,March,22,2019
Yakuza 0,528,90,Xbox One,February,26,2020
NBA 2K13,529,90,PlayStation 3,October,2,2012
Grand Theft Auto IV,530,90,PC,December,2,2008
Total War: Shogun 2,531,90,PC,March,15,2011
Empire: Total War,532,90,PC,March,3,2009
Mass Effect Legendary Edition,533,90,Xbox One,May,14,2021
Rayman Legends,534,90,Xbox 360,September,3,2013
Astro Bot: Rescue Mission,535,90,PlayStation 4,October,2,2018
Bayonetta + Bayonetta 2,536,90,Switch,February,16,2018
Kentucky Route Zero - Act IV,537,90,PC,July,20,2016
Guacamelee! Super Turbo Championship Edition,538,90,Wii U,July,2,2014
NBA 2K12,539,90,Xbox 360,October,4,2011
ESPN NHL Hockey,540,90,PlayStation 2,September,9,2003
Rayman 2 Revolution,541,90,PlayStation 2,January,30,2001
Madden NFL 2001,542,90,PlayStation,August,22,2000
Final Fantasy VIII,543,90,PlayStation,September,7,1999
Beetle Adventure Racing,544,90,Nintendo 64,February,28,1999
Command & Conquer: Red Alert,545,90,PC,November,22,1996
The Witcher 3: Wild Hunt - Hearts of Stone,546,89,PC,October,13,2015
Star Wars Jedi Knight II: Jedi Outcast,547,89,PC,March,26,2002
Wipeout HD Fury,548,89,PlayStation 3,July,23,2009
Halo 2 Multiplayer Map Pack,549,89,Xbox,July,5,2005
Yakuza: Like a Dragon,550,89,Xbox One,November,10,2020
Resident Evil 2,551,89,PC,January,25,2019
Borderlands 2,552,89,Xbox 360,September,18,2012
Shin Megami Tensei: Persona 3 Portable,553,89,PSP,July,5,2010
XCOM: Enemy Unknown,554,89,PlayStation 3,October,9,2012
Xenoblade Chronicles: Definitive Edition,555,89,Switch,May,29,2020
Call of Duty 2,556,89,Xbox 360,November,17,2005
Burnout Revenge,557,89,Xbox,September,13,2005
Dragon Quest VIII: Journey of the Cursed King,558,89,PlayStation 2,November,15,2005
Metroid: Zero Mission,559,89,Game Boy Advance,February,9,2004
The Legend of Zelda: Majora's Mask 3D,560,89,3DS,February,13,2015
Skylanders Swap Force,561,89,Wii U,October,13,2013
The Walking Dead: A Telltale Games Series,562,89,PC,April,24,2012
Tiger Woods PGA Tour 2004,563,89,PlayStation 2,September,22,2003
Age of Mythology,564,89,PC,November,1,2002
Pikmin,565,89,GameCube,December,2,2001
Madden NFL 2002,566,89,GameCube,November,17,2001
Sacrifice (2000),567,89,PC,November,5,2000
Samba de Amigo,568,89,Dreamcast,October,16,2000
Wipeout 3,569,89,PlayStation,August,31,1999
Monster Hunter: World - Iceborne,570,89,PlayStation 4,September,6,2019
Plants vs. Zombies,571,89,Xbox 360,September,8,2010
Dead Cells,572,89,Switch,August,7,2018
Dark Souls III,573,89,PC,April,11,2016
Rez HD,574,89,Xbox 360,January,30,2008
NBA Street V3,575,89,PlayStation 2,February,8,2005
Demon's Souls,576,89,PlayStation 3,October,6,2009
Pillars of Eternity,577,89,PC,March,26,2015
The Elder Scrolls III: Morrowind,578,89,PC,May,1,2002
Castlevania: Symphony of the Night,579,89,Xbox 360,March,21,2007
Into the Breach,580,89,Switch,August,28,2018
F1 2019,581,89,Xbox One,June,25,2019
It Takes Two,582,89,Xbox Series X,March,26,2021
Fable II,583,89,Xbox 360,October,21,2008
Rez Infinite,584,89,PlayStation 4,October,13,2016
Rocksmith 2014 Edition,585,89,PC,October,22,2013
NHL 2K3,586,89,PlayStation 2,November,10,2002
Final Fantasy Chronicles,587,89,PlayStation,June,29,2001
Fallout,588,89,PC,October,9,1997
The Beatles: Rock Band,589,89,Wii,September,9,2009
Assassin's Creed: Brotherhood,590,89,Xbox 360,November,16,2010
Left 4 Dead 2,591,89,Xbox 360,November,17,2009
World Soccer Winning Eleven 9,592,89,PC,April,28,2006
Worldwide Soccer Manager 2005,593,89,PC,December,7,2004
Dead Cells,594,89,PC,August,7,2018
There is no game : Wrong dimension,595,89,PC,August,6,2020
Axiom Verge,596,89,Wii U,September,1,2016
Left 4 Dead,597,89,Xbox 360,November,17,2008
Left 4 Dead,598,89,PC,November,17,2008
Left 4 Dead 2,599,89,PC,November,16,2009
Titanfall 2,600,89,PlayStation 4,October,28,2016
F1 2017,601,89,PC,August,24,2017
Dark Souls III,602,89,PlayStation 4,April,12,2016
Devil May Cry 5,603,89,PC,March,7,2019
3D Gunstar Heroes,604,89,3DS,August,20,2015
Jade Empire,605,89,Xbox,April,12,2005
Tony Hawk's Underground,606,89,GameCube,October,27,2003
NHL 2K3,607,89,Xbox,November,19,2002
NBA 2K3,608,89,PlayStation 2,October,8,2002
NASCAR Racing 2002 Season,609,89,PC,February,14,2002
Phantasy Star Online,610,89,Dreamcast,January,29,2001
Resident Evil 2,611,89,Nintendo 64,October,31,1999
Tekken 2,612,89,PlayStation,August,25,1996
Need for Speed: Hot Pursuit,613,89,PlayStation 3,November,16,2010
F-Zero GX,614,89,GameCube,August,26,2003
Mass Effect,615,89,PC,May,28,2008
Super Mario 3D World + Bowser's Fury,616,89,Switch,February,12,2021
Dark Souls,617,89,Xbox 360,October,4,2011
NBA Street V3,618,89,Xbox,February,8,2005
Need for Speed: Hot Pursuit 2,619,89,PlayStation 2,October,1,2002
Grand Theft Auto IV: The Ballad of Gay Tony,620,89,Xbox 360,October,29,2009
The Legend of Zelda: The Minish Cap,621,89,Game Boy Advance,January,10,2005
NCAA Football 2005,622,89,Xbox,July,15,2004
NCAA Football 2004,623,89,GameCube,July,16,2003
Combat Mission: Barbarossa to Berlin,624,89,PC,October,29,2002
NHL 2002,625,89,Xbox,December,10,2001
Homeworld: Cataclysm,626,89,PC,September,7,2000
Tetris Effect,627,89,PlayStation 4,November,9,2018
Fez,628,89,Xbox 360,April,13,2012
Cave Story,629,89,Wii,March,22,2010
Dark Souls II: Scholar of the First Sin,630,89,Xbox One,April,7,2015
The Walking Dead: Episode 5 - No Time Left,631,89,PC,November,21,2012
Guild Wars,632,89,PC,April,26,2005
Borderlands 2,633,89,PC,September,17,2012
Slay the Spire,634,89,PC,January,23,2019
World Soccer Winning Eleven 9,635,89,Xbox,February,7,2006
Guitar Hero 5,636,89,Wii,September,1,2009
Ace Combat 04: Shattered Skies,637,89,PlayStation 2,November,1,2001
Max Payne,638,89,PC,July,23,2001
Final Fantasy VII Remake Intergrade,639,89,PlayStation 5,June,10,2021
3D Streets of Rage II,640,89,3DS,July,23,2015
Out of the Park Baseball 15,641,89,PC,April,21,2014
MVP Baseball 2004,642,89,GameCube,March,9,2004
Tiger Woods PGA Tour 2004,643,89,GameCube,September,22,2003
Tom Clancy's Splinter Cell,644,89,PlayStation 2,April,8,2003
Max Payne,645,89,Xbox,December,12,2001
Fire Emblem: Three Houses,646,89,Switch,July,26,2019
World in Conflict,647,89,PC,September,18,2007
Burnout Revenge,648,89,Xbox 360,March,7,2006
FIFA Soccer 11,649,89,PlayStation 3,September,28,2010
Final Fantasy XIV: Stormblood,650,89,PlayStation 4,June,20,2017
Deus Ex: Human Revolution,651,89,PlayStation 3,August,23,2011
Stardew Valley,652,89,Xbox One,December,14,2016
Castlevania: Dawn of Sorrow,653,89,DS,October,4,2005
NBA Street Vol. 2,654,89,Xbox,April,28,2003
Sonic Adventure 2,655,89,Dreamcast,June,18,2001
NASCAR Racing 4,656,89,PC,February,6,2001
Duke Nukem 3D,657,89,PC,January,29,1996
L.A. Noire,658,89,PlayStation 3,May,17,2011
It Takes Two,659,89,PlayStation 4,March,26,2021
Tony Hawk's Pro Skater 1 + 2,660,89,Xbox Series X,March,26,2021
Okami HD,661,89,Switch,August,9,2018
Bastion,662,89,PlayStation 4,April,7,2015
Far Cry,663,89,PC,March,23,2004
Nuclear Throne,664,89,PC,December,5,2015
Dead Space,665,89,Xbox 360,October,13,2008
Lone Echo,666,89,PC,July,20,2017
FIFA Soccer 12,667,89,PC,September,27,2011
Dishonored,668,89,PlayStation 3,October,9,2012
XCOM: Enemy Unknown,669,89,PC,October,8,2012
Mass Effect 3,670,89,PC,March,6,2012
Rise of Nations,671,89,PC,May,20,2003
Apex Legends,672,89,PlayStation 4,February,4,2019
Shin Megami Tensei: Persona 3 FES,673,89,PlayStation 2,April,22,2008
Burnout 2: Point of Impact,674,89,GameCube,April,9,2003
World Series Baseball 2K3,675,89,Xbox,March,10,2003
NASCAR Racing 2003 Season,676,89,PC,February,14,2003
Descent 3,677,89,PC,June,14,2000
Resident Evil 2,678,89,PlayStation,January,21,1998
The Curse of Monkey Island,679,89,PC,October,31,1997
Rez Infinite,680,89,PC,August,9,2017
Dark Souls: Artorias of the Abyss,681,89,Xbox 360,October,23,2012
Metal Gear Solid HD Collection,682,89,PlayStation 3,November,8,2011
Battlefield 3,683,89,PC,October,25,2011
Synth Riders,684,89,PlayStation 4,August,10,2021
Dead Space 2,685,89,PlayStation 3,January,25,2011
Battlefield 1942,686,89,PC,September,10,2002
Dreams,687,89,PlayStation 4,February,14,2020
Einhander,688,89,PlayStation,May,5,1998
Deus Ex: Human Revolution,689,89,Xbox 360,August,23,2011
Death's Door,690,89,Switch,November,23,2021
The Chronicles of Riddick: Escape From Butcher Bay,691,89,Xbox,June,1,2004
The Walking Dead: Episode 5 - No Time Left,692,89,Xbox 360,November,21,2012
Madden NFL 2003,693,89,PC,August,12,2002
WWF No Mercy,694,89,Nintendo 64,November,17,2000
Gran Turismo 4,695,89,PlayStation 2,February,22,2005
Dragon Age: Inquisition,696,89,PlayStation 4,November,18,2014
The Beatles: Rock Band,697,89,Xbox 360,September,9,2009
Advance Wars 2: Black Hole Rising,698,89,Game Boy Advance,June,24,2003
DiRT 2,699,89,PC,December,8,2009
DUSK,700,89,Switch,October,28,2021
Return of the Obra Dinn,701,89,PC,October,18,2018
Lumines,702,89,PSP,March,22,2005
L.A. Noire,703,89,Xbox 360,May,17,2011
Ratchet & Clank Future: Tools of Destruction,704,89,PlayStation 3,October,23,2007
Peggle,705,89,Xbox 360,March,11,2009
Tom Clancy's Splinter Cell Double Agent,706,89,Xbox,October,24,2006
Tony Hawk's Pro Skater 1 + 2,707,89,PlayStation 4,September,4,2020
New Super Mario Bros.,708,89,DS,May,15,2006
Silent Hill 2,709,89,PlayStation 2,September,24,2001
Battlefield 1,710,89,PlayStation 4,October,18,2016
Metal Gear Solid: Peace Walker,711,89,PSP,June,8,2010
Virtua Fighter 5 Online,712,89,Xbox 360,October,30,2007
WarioWare Inc.: Mega Microgame$!,713,89,Game Boy Advance,May,21,2003
The Orange Box,714,89,PlayStation 3,December,11,2007
NBA 2K2,715,89,PlayStation 2,January,12,2002
Grandia,716,89,PlayStation,September,30,1999
Colors! 3D,717,89,3DS,April,5,2012
Destiny: The Taken King,718,89,Xbox One,September,15,2015
NBA 2K11,719,89,Xbox 360,October,5,2010
Disco Elysium: The Final Cut,720,89,PlayStation 5,March,30,2021
Horizon Zero Dawn,721,89,PlayStation 4,February,28,2017
NBA 2K11,722,89,PlayStation 3,October,5,2010
Psychonauts 2,723,89,PC,August,25,2021
Injustice 2,724,89,Xbox One,May,16,2017
Minecraft: PlayStation 4 Edition,725,89,PlayStation 4,September,3,2014
Dark Souls,726,89,PlayStation 3,October,4,2011
Stardew Valley,727,89,PC,February,26,2016
Prince of Persia: The Sands of Time,728,89,PC,December,2,2003
Devil May Cry 5: Special Edition,729,89,PlayStation 5,November,12,2020
What Remains of Edith Finch,730,89,PC,April,24,2017
Top Spin,731,89,Xbox,October,28,2003
ESPN NBA Basketball,732,89,PlayStation 2,October,21,2003
Tiger Woods PGA Tour 2004,733,89,Xbox,September,22,2003
Tom Clancy's Splinter Cell,734,89,GameCube,April,10,2003
NHL 2K3,735,89,GameCube,December,11,2002
NBA Street,736,89,PlayStation 2,June,18,2001
Railroad Tycoon II,737,89,PC,November,2,1998
Burnout Paradise,738,88,Xbox 360,January,22,2008
Asgard's Wrath,739,88,PC,October,10,2019
Wipeout Pure,740,88,PSP,March,16,2005
The Beatles: Rock Band,741,88,PlayStation 3,September,9,2009
A Short Hike,742,88,Switch,August,18,2020
XCOM 2: War of the Chosen,743,88,PC,August,29,2017
Fez,744,88,Switch,April,14,2021
Fallout 4,745,88,Xbox One,November,10,2015
DUSK,746,88,PC,December,10,2018
Tiger Woods PGA Tour 2005,747,88,PlayStation 2,September,20,2004
Microsoft Flight Simulator 2004: A Century of Flight,748,88,PC,July,29,2003
NBA Street Vol. 2,749,88,GameCube,April,28,2003
Medieval: Total War,750,88,PC,August,19,2002
Shenmue II,751,88,Dreamcast,November,23,2001
NHL 2001,752,88,PlayStation,September,26,2000
Excitebike 64,753,88,Nintendo 64,April,30,2000
R4: Ridge Racer Type 4,754,88,PlayStation,May,1,1999
Shadow Complex,755,88,Xbox 360,August,19,2009
Spelunky,756,88,PlayStation Vita,August,27,2013
NBA Street V3,757,88,GameCube,February,8,2005
Mafia,758,88,PC,August,27,2002
N++,759,88,Xbox One,October,4,2017
Call of Duty: Modern Warfare 3,760,88,Xbox 360,November,8,2011
What Remains of Edith Finch,761,88,PlayStation 4,April,25,2017
Brothers in Arms: Road to Hill 30,762,88,Xbox,March,1,2005
Sekiro: Shadows Die Twice,763,88,PC,March,22,2019
Deus Ex: Human Revolution - Director's Cut,764,88,Wii U,October,22,2013
Madden NFL 06,765,88,PlayStation 2,August,8,2005
Tetris Effect: Connected,766,88,Xbox Series X,November,10,2020
Dishonored,767,88,Xbox 360,October,9,2012
LIMBO,768,88,PC,August,2,2011
Crusader Kings II: The Old Gods,769,88,PC,May,28,2013
Assassin's Creed: Brotherhood,770,88,PC,March,22,2011
Crash Team Racing,771,88,PlayStation,September,30,1999
DJ Hero 2,772,88,Wii,October,19,2010
Pinball FX 2: Marvel Pinball - Avengers Chronicles,773,88,Xbox 360,June,20,2012
Medal of Honor Frontline,774,88,PlayStation 2,May,28,2002
Superbike 2001,775,88,PC,October,9,2000
Ultimate Fighting Championship,776,88,Dreamcast,August,29,2000
Wolfenstein II: The New Colossus,777,88,Xbox One,October,27,2017
Mario Kart 8,778,88,Wii U,May,30,2014
Super Mario Maker,779,88,Wii U,September,11,2015
NHL 11,780,88,PlayStation 3,September,7,2010
Divinity: Original Sin Enhanced Edition,781,88,Xbox One,October,27,2015
Dead Space,782,88,PlayStation 3,October,13,2008
Tekken 5,783,88,PlayStation 2,February,24,2005
F.E.A.R.,784,88,PC,October,17,2005
Psychonauts,785,88,Xbox,April,19,2005
The Binding of Isaac: Rebirth,786,88,PlayStation 4,November,4,2014
Tony Hawk's Pro Skater 1 + 2,787,88,PC,September,4,2020
FIFA 14,788,88,Xbox One,November,19,2013
NHL 10,789,88,Xbox 360,September,15,2009
BioShock 2,790,88,Xbox 360,February,9,2010
Kerbal Space Program,791,88,PC,April,27,2015
Tribes 2,792,88,PC,March,28,2001
Diddy Kong Racing,793,88,Nintendo 64,November,24,1997
Star Fox 64,794,88,Nintendo 64,July,1,1997
NHL 09,795,88,Xbox 360,September,9,2008
Ori and the Blind Forest: Definitive Edition,796,88,Xbox One,March,11,2016
Streets of Rage 4: Mr. X Nightmare,797,88,PC,July,15,2021
NieR: Automata,798,88,PlayStation 4,March,7,2017
Meteos,799,88,DS,June,28,2005
Zero Escape: Virtue's Last Reward,800,88,3DS,October,23,2012
Dishonored 2,801,88,Xbox One,November,10,2016
NHL 09,802,88,PlayStation 3,September,9,2008
Rise of the Tomb Raider: 20 Year Celebration,803,88,PlayStation 4,October,11,2016
Hyper Light Drifter,804,88,Switch,September,6,2018
NHL 10,805,88,PlayStation 3,September,15,2009
Uncharted: Drake's Fortune,806,88,PlayStation 3,November,16,2007
Ori and the Will of the Wisps,807,88,PC,March,11,2020
The Banner Saga 3,808,88,Xbox One,July,26,2018
Tom Clancy's Rainbow Six Vegas,809,88,Xbox 360,November,20,2006
Super Street Fighter II Turbo HD Remix,810,88,Xbox 360,November,26,2008
Tiger Woods PGA Tour 2005,811,88,Xbox,September,20,2004
Tiger Woods PGA Tour 2004,812,88,PC,September,22,2003
Warcraft III: The Frozen Throne,813,88,PC,July,1,2003
Tiger Woods PGA Tour 2003,814,88,Xbox,October,27,2002
Tactics Ogre: The Knight of Lodis,815,88,Game Boy Advance,May,11,2002
Starcraft,816,88,PC,March,31,1998
Assassin's Creed IV: Black Flag,817,88,PlayStation 3,October,29,2013
Battlefield: Bad Company 2,818,88,PlayStation 3,March,2,2010
The Last of Us: Left Behind,819,88,PlayStation 3,February,14,2014
Far Cry 3,820,88,PC,December,4,2012
Monster Hunter Rise,821,88,PC,January,12,2022
Tiger Woods PGA Tour 10,822,88,Wii,June,8,2009
DOOM Eternal,823,88,Xbox One,March,19,2020
Star Wars Pinball: Balance of the Force,824,88,Xbox 360,October,16,2013
World Soccer Winning Eleven 8 International,825,88,PC,February,16,2005
Fight Night Round 2,826,88,Xbox,February,28,2005
The Secret of Monkey Island: Special Edition,827,88,Xbox 360,July,15,2009
Shovel Knight,828,88,Wii U,June,26,2014
Rayman Origins,829,88,PlayStation Vita,February,15,2012
Project Gotham Racing 3,830,88,Xbox 360,November,16,2005
NBA 2K17,831,88,PlayStation 4,September,16,2016
Battlefield: Bad Company 2,832,88,Xbox 360,March,2,2010
The World Ends with You,833,88,DS,April,22,2008
Torchlight II,834,88,PC,September,20,2012
XCOM 2,835,88,PC,February,5,2016
Dishonored 2,836,88,PlayStation 4,November,10,2016
Tony Hawk's Pro Skater 1 + 2,837,88,Xbox One,September,4,2020
What Remains of Edith Finch,838,88,Switch,July,4,2019
Injustice 2: Legendary Edition,839,88,PlayStation 4,March,27,2018
Cuphead,840,88,PC,September,29,2017
Divinity: Original Sin Enhanced Edition,841,88,PlayStation 4,October,27,2015
Minecraft: Xbox One Edition,842,88,Xbox One,November,18,2014
Guacamelee! Super Turbo Championship Edition,843,88,Xbox One,July,2,2014
XCOM: Enemy Within,844,88,Xbox 360,November,12,2013
NCAA Football 2005,845,88,PlayStation 2,July,15,2004
ESPN NHL Hockey,846,88,Xbox,September,9,2003
NCAA Football 2004,847,88,Xbox,July,16,2003
FIFA Soccer 2003,848,88,Xbox,November,12,2002
Ratchet & Clank,849,88,PlayStation 2,November,4,2002
Tiger Woods PGA Tour 2003,850,88,PlayStation 2,October,27,2002
TimeSplitters 2,851,88,GameCube,October,16,2002
JSRF: Jet Set Radio Future,852,88,Xbox,February,25,2002
Red Faction,853,88,PlayStation 2,May,21,2001
Myth II: Soulblighter,854,88,PC,November,30,1998
Ninja Gaiden Sigma,855,88,PlayStation 3,July,3,2007
Fire Emblem Fates: Special Edition,856,88,3DS,February,19,2016
Pinball FX 2,857,88,Xbox 360,October,27,2010
Final Fantasy Tactics: The War of the Lions,858,88,PSP,October,9,2007
NHL 11,859,88,Xbox 360,September,7,2010
Wario Land 4,860,88,Game Boy Advance,November,18,2001
The Elder Scrolls III: Morrowind Game of the Year Edition,861,88,Xbox,October,31,2003
WarioWare: Twisted!,862,88,Game Boy Advance,May,23,2005
It Takes Two,863,88,PlayStation 5,March,26,2021
Halo: The Master Chief Collection - Halo 3,864,88,PC,July,14,2020
Pokemon Y,865,88,3DS,October,12,2013
Call of Duty: Black Ops,866,88,PlayStation 3,November,9,2010
Deathloop,867,88,PlayStation 5,September,14,2021
Return to Castle Wolfenstein,868,88,PC,November,19,2001
Ori and the Blind Forest,869,88,Xbox One,March,11,2015
Ratchet & Clank: Rift Apart,870,88,PlayStation 5,June,11,2021
Ori and the Blind Forest: Definitive Edition,871,88,PC,April,27,2016
NCAA Football 07,872,88,Xbox,July,18,2006
NBA Street,873,88,GameCube,February,17,2002
Madden NFL 2002,874,88,PlayStation,August,13,2001
Shogo: Mobile Armor Division,875,88,PC,September,30,1998
Thirty Flights of Loving,876,88,PC,August,20,2012
The Witcher 2: Assassins of Kings,877,88,Xbox 360,April,17,2012
It Takes Two,878,88,PC,March,26,2021
Overcooked! All You Can Eat,879,88,Switch,March,23,2021
Hearthstone: Heroes of Warcraft,880,88,PC,March,11,2014
Unity of Command II,881,88,PC,November,12,2019
Grand Theft Auto: Liberty City Stories,882,88,PSP,October,24,2005
The Walking Dead: Episode 3 - Long Road Ahead,883,88,Xbox 360,August,29,2012
Medieval II: Total War,884,88,PC,November,13,2006
Super Mario Maker 2,885,88,Switch,June,28,2019
Apex Legends,886,88,PC,February,4,2019
Sly 2: Band of Thieves,887,88,PlayStation 2,September,14,2004
Devil May Cry 5,888,88,PlayStation 4,March,8,2019
Doom 3,889,88,Xbox,April,3,2005
NCAA Football 2005,890,88,GameCube,July,15,2004
FIFA Soccer 2003,891,88,PlayStation 2,November,14,2002
Aggressive Inline,892,88,GameCube,July,31,2002
F1 2002,893,88,PC,June,11,2002
Tekken: Dark Resurrection,894,88,PSP,July,25,2006
The Stanley Parable,895,88,PC,October,17,2013
Slay the Spire,896,88,PlayStation 4,May,21,2019
Guacamelee! Gold Edition,897,88,PC,August,8,2013
BioShock 2,898,88,PlayStation 3,February,9,2010
Monster Hunter Rise,899,88,Switch,March,26,2021
ESPN NHL 2K5,900,88,Xbox,August,30,2004
BioShock 2,901,88,PC,February,9,2010
Counter-Strike: Source,902,88,PC,October,7,2004
Fire Emblem,903,88,Game Boy Advance,November,3,2003
Fire Emblem Fates: Revelation,904,88,3DS,March,10,2016
Sid Meier's Civilization VI,905,88,PC,October,20,2016
Battlefield 1,906,88,PC,October,21,2016
Starcraft II: Legacy of the Void,907,88,PC,November,10,2015
Diablo III,908,88,PC,May,15,2012
F1 2020,909,88,PC,July,9,2020
Downwell,910,88,Switch,January,31,2019
Owlboy,911,88,PlayStation 4,April,10,2018
Monster Hunter: World,912,88,PC,August,9,2018
Fight Night Round 4,913,88,PlayStation 3,June,23,2009
Diablo III: Eternal Collection,914,88,Switch,November,2,2018
Oddworld: Stranger's Wrath,915,88,Xbox,January,25,2005
Rise of Nations: Thrones & Patriots,916,88,PC,April,27,2004
Sid Meier's Pirates!,917,88,PC,November,22,2004
Battlefield: Bad Company 2 Vietnam,918,88,PlayStation 3,December,21,2010
EVE Online: Special Edition,919,88,PC,March,10,2009
SteamWorld Dig 2,920,88,Switch,September,21,2017
Metroid Dread,921,88,Switch,October,8,2021
Call of Duty: Modern Warfare 3,922,88,PlayStation 3,November,8,2011
FIFA Soccer 11,923,88,Xbox 360,September,28,2010
Apex Legends,924,88,Xbox One,February,4,2019
LittleBigPlanet PS Vita,925,88,PlayStation Vita,September,18,2012
Armadillo Run,926,88,PC,April,22,2006
FIFA Soccer 13,927,88,PlayStation 3,September,25,2012
Ikaruga,928,88,Switch,May,29,2018
World of Warcraft: Legion,929,88,PC,August,30,2016
Pillars of Eternity II: Deadfire,930,88,PC,May,8,2018
DOOM Eternal,931,88,PC,March,20,2020
Art of Balance,932,88,Wii,February,15,2010
MVP Baseball 2005,933,88,GameCube,February,22,2005
Keep Talking and Nobody Explodes,934,88,PlayStation 4,October,13,2016
Joe Danger: Special Edition,935,88,Xbox 360,December,14,2011
Cave Story +,936,88,Switch,June,20,2017
Crimson Skies: High Road to Revenge,937,88,Xbox,October,21,2003
NASCAR Thunder 2004,938,88,PlayStation 2,September,16,2003
Burnout 2: Point of Impact,939,88,Xbox,May,1,2003
TimeSplitters 2,940,88,Xbox,October,17,2002
Dark Age of Camelot,941,88,PC,September,1,2001
Baldur's Gate II: Throne of Bhaal,942,88,PC,June,21,2001
Counter-Strike,943,88,PC,November,8,2000
Owlboy,944,88,PC,November,1,2016
The Talos Principle: Deluxe Edition,945,88,PlayStation 4,October,13,2015
Battlefield: Bad Company 2 Vietnam,946,88,Xbox 360,December,21,2010
Celeste,947,88,PC,January,25,2018
Tony Hawk's Pro Skater 4,948,88,PC,August,14,2003
Night in the Woods,949,88,PC,February,21,2017
Ghost of Tsushima: Director's Cut,950,88,PlayStation 5,August,20,2021
Ori and the Blind Forest,951,88,PC,March,11,2015
Need for Speed: Hot Pursuit,952,88,Xbox 360,November,16,2010
Pistol Whip,953,88,PlayStation 4,July,30,2020
Ridge Racer,954,88,PSP,March,22,2005
Forza Horizon 4,955,88,PC,September,28,2018
F1 2021,956,88,Xbox Series X,July,13,2021
Fight Night Round 2,957,88,PlayStation 2,February,28,2005
Nex Machina: Death Machine,958,88,PlayStation 4,June,20,2017
Nioh,959,88,PlayStation 4,February,7,2017
Animal Crossing: New Leaf,960,88,3DS,June,9,2013
Diablo II,961,88,PC,June,28,2000
Mortal Kombat 11 Ultimate,962,88,PlayStation 5,November,17,2020
Kentucky Route Zero: TV Edition,963,88,PlayStation 4,January,28,2020
Hellblade: Senua's Sacrifice,964,88,Xbox One,April,11,2018
The Walking Dead: Episode 5 - No Time Left,965,88,PlayStation 3,November,20,2012
NBA 2K13,966,88,Xbox 360,October,2,2012
The Witcher 2: Assassins of Kings,967,88,PC,May,17,2011
Tiger Woods PGA Tour 2005,968,88,GameCube,September,20,2004
SSX Tricky,969,88,Xbox,December,10,2001
Oddworld: Abe's Exoddus,970,88,PlayStation,October,31,1998
Plants vs. Zombies,971,87,PC,May,5,2009
Rocksmith 2014 Edition,972,87,Xbox 360,October,22,2013
Burnout Paradise,973,87,PlayStation 3,January,22,2008
Guacamelee! Super Turbo Championship Edition,974,87,PlayStation 4,July,1,2014
DOOM 3,975,87,PC,August,3,2004
Subnautica,976,87,PC,January,23,2018
Death's Door,977,87,Xbox One,July,20,2021
Frostpunk: Console Edition,978,87,PlayStation 4,October,11,2019
GRID,979,87,PlayStation 3,June,3,2008
Stardew Valley,980,87,Switch,October,5,2017
Devil May Cry 5,981,87,Xbox One,March,8,2019
Super Meat Boy,982,87,PC,November,30,2010
Middle-earth: Shadow of Mordor,983,87,Xbox One,September,30,2014
Halo 4,984,87,Xbox 360,November,6,2012
Football Manager 2010,985,87,PC,November,3,2009
Final Fantasy XIV: Stormblood,986,87,PC,June,20,2017
Bloodborne: The Old Hunters,987,87,PlayStation 4,November,24,2015
Hitman 3,988,87,PC,January,20,2021
XCOM 2,989,87,PlayStation 4,September,27,2016
Super Street Fighter II Turbo HD Remix,990,87,PlayStation 3,November,25,2008
Injustice 2,991,87,PlayStation 4,May,16,2017
SOCOM II: U.S. Navy SEALs,992,87,PlayStation 2,November,4,2003
The Witness,993,87,PlayStation 4,January,26,2016
DOOM,994,87,Xbox One,May,13,2016
BlazBlue: Calamity Trigger,995,87,PlayStation 3,June,30,2009
Rallisport Challenge 2,996,87,Xbox,May,4,2004
Quake Remastered,997,87,Switch,August,19,2021
Dead Cells,998,87,PlayStation 4,August,7,2018
Battlefield 1,999,87,Xbox One,October,18,2016
The Nioh Collection,1000,87,PlayStation 5,February,5,2021
Sid Meier's Civilization VI,1001,87,PlayStation 4,November,22,2019
Midnight Club 3: DUB Edition Remix,1002,87,Xbox,March,13,2006
Final Fantasy VII Remake,1003,87,PlayStation 4,April,10,2020
Dark Souls III,1004,87,Xbox One,April,12,2016
Monkey Island 2 Special Edition: LeChuck's Revenge,1005,87,PlayStation 3,July,6,2010
Red Dead Redemption: Undead Nightmare Pack,1006,87,PlayStation 3,October,26,2010
Pokemon White Version,1007,87,DS,March,6,2011
Dragon Quest IX: Sentinels of the Starry Skies,1008,87,DS,July,11,2010
Pokemon X,1009,87,3DS,October,12,2013
RimWorld,1010,87,PC,October,17,2018
Tom Clancy's Splinter Cell: Pandora Tomorrow,1011,87,PC,March,23,2004
Baldur's Gate: Dark Alliance,1012,87,PlayStation 2,December,2,2001
Europa Universalis II,1013,87,PC,November,12,2001
Tony Hawk's Pro Skater 3,1014,87,PlayStation,October,29,2001
Metropolis Street Racer,1015,87,Dreamcast,January,15,2001
Power Stone 2,1016,87,Dreamcast,August,23,2000
Cuphead,1017,87,Switch,April,17,2019
Burnout Paradise: The Ultimate Box,1018,87,PC,February,5,2009
FIFA Soccer 09,1019,87,Xbox 360,October,13,2008
Guilty Gear -Strive-,1020,87,PlayStation 5,June,8,2021
Jeanne d'Arc,1021,87,PSP,August,21,2007
Street Fighter V: Arcade Edition,1022,87,PlayStation 4,January,16,2018
Battlefield: Bad Company 2,1023,87,PC,March,2,2010
Guacamelee!,1024,87,PlayStation Vita,April,9,2013
FIFA Soccer 09,1025,87,PlayStation 3,October,13,2008
Astral Chain,1026,87,Switch,August,30,2019
Yakuza 6: The Song of Life,1027,87,Xbox One,March,25,2021
Steins Gate,1028,87,PC,March,31,2014
NCAA Football 06,1029,87,PlayStation 2,July,11,2005
GRID (2008),1030,87,PC,June,3,2008
Night in the Woods,1031,87,PlayStation 4,February,21,2017
DiRT 3,1032,87,PlayStation 3,May,24,2011
Critter Crunch,1033,87,PlayStation 3,October,8,2009
Crypt of the NecroDancer,1034,87,PC,April,23,2015
La-Mulana,1035,87,Wii,September,20,2012
Max Payne 3,1036,87,PlayStation 3,May,15,2012
Legends of Runeterra,1037,87,PC,April,29,2020
Pokemon Sun,1038,87,3DS,November,18,2016
Sins of a Solar Empire,1039,87,PC,February,4,2008
Dragon Ball FighterZ,1040,87,Switch,September,28,2018
The Walking Dead: Season Two Episode 5 - No Going Back,1041,87,PlayStation 3,August,26,2014
Ikaruga,1042,87,Xbox 360,April,9,2008
Heavy Rain,1043,87,PlayStation 3,February,23,2010
Super Monkey Ball 2,1044,87,GameCube,August,25,2002
MechWarrior 4: Vengeance,1045,87,PC,November,23,2000
Thief II: The Metal Age,1046,87,PC,March,23,2000
Tactics Ogre: Let Us Cling Together,1047,87,PSP,February,14,2011
Tom Clancy's Splinter Cell Chaos Theory,1048,87,PlayStation 2,March,28,2005
Diablo II: Lord of Destruction,1049,87,PC,June,27,2001
Kentucky Route Zero: TV Edition,1050,87,Switch,January,28,2020
Monkey Island 2 Special Edition: LeChuck's Revenge,1051,87,PC,July,7,2010
Half-Life 2: Episode One,1052,87,PC,June,1,2006
Devil May Cry 3: Special Edition,1053,87,PlayStation 2,January,24,2006
Guacamelee! 2,1054,87,Switch,December,10,2018
Mass Effect 2: Lair of the Shadow Broker,1055,87,Xbox 360,September,7,2010
DiRT 3,1056,87,Xbox 360,May,24,2011
Enter the Gungeon,1057,87,Switch,December,14,2017
Syphon Filter: Dark Mirror,1058,87,PSP,March,14,2006
The Elder Scrolls III: Morrowind,1059,87,Xbox,June,6,2002
The Swapper,1060,87,PC,May,30,2013
Baba Is You,1061,87,PC,March,13,2019
Wildermyth,1062,87,PC,June,15,2021
Pokemon SoulSilver Version,1063,87,DS,March,14,2010
Castlevania: Harmony of Dissonance,1064,87,Game Boy Advance,September,16,2002
Dragon Ball FighterZ,1065,87,PlayStation 4,January,26,2018
The Legend of Zelda: Link's Awakening,1066,87,Switch,September,20,2019
Super Mega Baseball 3,1067,87,Switch,May,13,2020
Hitman 2: Silent Assassin,1068,87,PC,October,1,2002
Assassin's Creed Odyssey,1069,87,Xbox One,October,2,2018
Year Walk,1070,87,PC,March,6,2014
Batman: Arkham Knight,1071,87,PlayStation 4,June,23,2015
Dead or Alive 3,1072,87,Xbox,November,14,2001
Jak II,1073,87,PlayStation 2,October,14,2003
Mario Kart 8 DLC Pack 1,1074,87,Wii U,November,13,2014
Final Fantasy Tactics Advance,1075,87,Game Boy Advance,September,8,2003
NCAA Football 06,1076,87,Xbox,July,11,2005
Red Dead Redemption: Undead Nightmare Pack,1077,87,Xbox 360,October,26,2010
Max Payne 3,1078,87,PC,May,31,2012
Marvel's Spider-Man,1079,87,PlayStation 4,September,7,2018
Okami HD,1080,87,PlayStation 4,December,12,2017
Pokemon Moon,1081,87,3DS,November,18,2016
New Super Mario Bros. Wii,1082,87,Wii,November,15,2009
Elite Beat Agents,1083,87,DS,November,6,2006
Beyond Good & Evil,1084,87,GameCube,December,11,2003
Paper Mario: The Thousand-Year Door,1085,87,GameCube,October,11,2004
DJ Hero,1086,87,Wii,October,27,2009
TowerFall Ascension,1087,87,PC,March,11,2014
Tomb Raider,1088,87,PlayStation 3,March,5,2013
Hollow Knight,1089,87,PC,February,24,2017
Mario Kart: Double Dash!!,1090,87,GameCube,November,17,2003
Rayman Legends,1091,87,PlayStation Vita,September,3,2013
Battlefield 3: Armored Kill,1092,87,PC,September,11,2012
World Series Baseball 2K3,1093,87,PlayStation 2,March,17,2003
Metal Gear Solid 2: Substance,1094,87,PlayStation 2,March,3,2003
Rallisport Challenge,1095,87,Xbox,March,4,2002
NHL 2002,1096,87,PC,September,17,2001
Bangai-O,1097,87,Dreamcast,March,21,2001
Icewind Dale,1098,87,PC,June,29,2000
Forza Motorsport 6,1099,87,Xbox One,September,15,2015
Donkey Kong Country Returns,1100,87,Wii,November,21,2010
Bully,1101,87,PlayStation 2,October,17,2006
Call of Duty: Black Ops,1102,87,Xbox 360,November,9,2010
The Witness,1103,87,PC,January,26,2016
Fire Emblem Fates: Conquest,1104,87,3DS,February,19,2016
TowerFall Ascension,1105,87,PlayStation 4,March,11,2014
Tearaway,1106,87,PlayStation Vita,November,22,2013
Skylanders SuperChargers,1107,87,Wii U,September,20,2015
Rocket League,1108,87,Xbox One,February,17,2016
Metal Gear Solid: Portable Ops,1109,87,PSP,December,5,2006
3D Sonic the Hedgehog 2,1110,87,3DS,October,8,2015
Zack & Wiki: Quest for Barbaros' Treasure,1111,87,Wii,October,23,2007
Monster Boy and the Cursed Kingdom,1112,87,PlayStation 4,December,4,2018
The Walking Dead: Episode 3 - Long Road Ahead,1113,87,PlayStation 3,August,28,2012
MLB 13: The Show,1114,87,PlayStation 3,March,5,2013
Psychonauts 2,1115,87,Xbox Series X,August,25,2021
Brothers in Arms: Road to Hill 30,1116,87,PC,March,8,2005
MechAssault,1117,87,Xbox,November,11,2002
NFL 2K2,1118,87,Xbox,January,9,2002
Kohan: Immortal Sovereigns,1119,87,PC,March,14,2001
Hitman 3,1120,87,Xbox Series X,January,20,2021
FIFA 14,1121,87,PlayStation 4,November,12,2013
Animal Crossing,1122,87,GameCube,September,15,2002
Hotline Miami,1123,87,PlayStation 3,June,25,2013
BlazBlue: Continuum Shift,1124,87,PlayStation 3,July,27,2010
Fight Night Round 4,1125,87,Xbox 360,June,23,2009
Kentucky Route Zero: TV Edition,1126,87,Xbox One,January,28,2020
SteamWorld Heist,1127,87,Wii U,October,20,2016
The Legend of Zelda: Spirit Tracks,1128,87,DS,December,7,2009
Dead Space 2,1129,87,PC,January,25,2011
DiRT 2,1130,87,PlayStation 3,September,8,2009
Raw Data,1131,87,PC,October,5,2017
Disgaea: Afternoon of Darkness,1132,87,PSP,October,30,2007
Pokemon HeartGold Version,1133,87,DS,March,14,2010
DOOM Eternal,1134,87,PlayStation 4,March,20,2020
NCAA Football 07,1135,87,PlayStation 2,July,18,2006
Dragon Age: Origins,1136,87,PlayStation 3,November,3,2009
Beyond Good & Evil,1137,87,Xbox,December,2,2003
Diablo III: Reaper of Souls,1138,87,PC,March,25,2014
Unpacking,1139,87,Switch,November,2,2021
Little King's Story,1140,87,Wii,July,21,2009
Pro Evolution Soccer 2017,1141,87,Xbox One,September,13,2016
Pro Evolution Soccer 2016,1142,87,PlayStation 4,September,15,2015
Titanfall 2,1143,87,Xbox One,October,28,2016
Bionic Commando Rearmed,1144,87,PlayStation 3,August,14,2008
Zero Escape: The Nonary Games,1145,87,PlayStation 4,March,24,2017
NASCAR 2005: Chase for the Cup,1146,87,PlayStation 2,August,31,2004
Metal Gear Solid 2: Substance,1147,87,Xbox,November,4,2002
NBA 2K3,1148,87,Xbox,October,9,2002
Shogun: Total War Warlord Edition,1149,87,PC,August,13,2001
Serious Sam: The First Encounter,1150,87,PC,March,21,2001
Grand Prix 3,1151,87,PC,August,24,2000
MVP Baseball 2005,1152,87,PlayStation 2,February,22,2005
Rayman Origins,1153,87,PlayStation 3,November,15,2011
MLB 12: The Show,1154,87,PlayStation 3,March,6,2012
Pokemon Black Version,1155,87,DS,March,6,2011
Death's Door,1156,87,Xbox Series X,July,20,2021
Wolfenstein II: The New Colossus,1157,87,PlayStation 4,October,27,2017
Axiom Verge,1158,87,Switch,October,5,2017
Call of Duty: United Offensive,1159,87,PC,September,14,2004
Odin Sphere Leifthrasir,1160,87,PlayStation 4,June,7,2016
Wipeout HD,1161,87,PlayStation 3,September,25,2008
Grindstone,1162,87,Switch,December,15,2020
Huntdown,1163,87,Xbox One,May,12,2020
Divinity: Original Sin,1164,87,PC,January,17,2014
Unavowed,1165,87,PC,August,8,2018
Company of Heroes: Opposing Fronts,1166,87,PC,September,24,2007
3D Out Run,1167,87,3DS,March,12,2015
Katamari Damacy REROLL,1168,87,Switch,December,7,2018
Destiny 2,1169,87,Xbox One,September,6,2017
Bit.Trip Presents...Runner2: Future Legend of Rhythm Alien,1170,87,Xbox 360,February,27,2013
Owlboy,1171,87,Switch,February,13,2018
Psychonauts,1172,87,PC,April,19,2005
DiRT 2,1173,87,Xbox 360,September,8,2009
Gears of War,1174,87,PC,November,6,2007
Rayman Origins,1175,87,Xbox 360,November,15,2011
Sin & Punishment: Star Successor,1176,87,Wii,June,27,2010
Forza Horizon 3: Blizzard Mountain,1177,87,Xbox One,December,13,2016
Out of the Park Baseball 4,1178,87,PC,February,28,2002
Super Monkey Ball,1179,87,GameCube,November,17,2001
Tales of Arise,1180,87,Xbox Series X,September,10,2021
Velocity,1181,87,PSP,May,1,2012
Chicory: A Colorful Tale,1182,87,PlayStation 5,June,10,2021
Monster Hunter: World - Iceborne,1183,87,PC,January,9,2020
F1 2019,1184,87,PC,June,27,2019
Pinball FX 2: Star Wars Pinball,1185,87,Xbox 360,February,27,2013
Spelunky,1186,87,Xbox 360,July,4,2012
Dark Souls II: Scholar of the First Sin,1187,87,PlayStation 4,April,7,2015
Resistance 2,1188,87,PlayStation 3,November,4,2008
INSIDE,1189,87,PC,July,7,2016
flower,1190,87,PlayStation 3,February,12,2009
Europa Universalis IV,1191,87,PC,August,13,2013
Diablo III,1192,87,Xbox 360,September,3,2013
Persona 4 Golden,1193,87,PC,June,13,2020
Velocity 2X,1194,87,Switch,September,20,2018
Sonic Mania Plus,1195,87,PlayStation 4,July,17,2018
The Great Ace Attorney Chronicles,1196,87,Switch,July,27,2021
Streets of Rage 4,1197,87,Switch,April,30,2020
XCOM 2,1198,87,Xbox One,September,27,2016
Halo Infinite,1199,87,Xbox Series X,December,8,2021
Psychonauts 2,1200,87,PlayStation 4,August,25,2021
Tales of Arise,1201,87,PlayStation 5,September,10,2021
NBA 2K16,1202,87,PlayStation 4,September,25,2015
Pikmin 3,1203,87,Wii U,August,4,2013
Sunless Skies,1204,87,PC,January,31,2019
Total War: WARHAMMER II,1205,87,PC,September,28,2017
NHL 2004,1206,87,PC,September,22,2003
SSX Tricky,1207,87,GameCube,December,2,2001
Zeus: Master of Olympus,1208,87,PC,October,22,2000
Driver,1209,87,PlayStation,June,30,1999
Spelunky 2,1210,87,PlayStation 4,September,15,2020
Fight Night Round 2,1211,87,GameCube,February,28,2005
Dark Souls II: Crown of the Ivory King,1212,87,PlayStation 3,September,30,2014
Velocity Ultra,1213,87,PlayStation Vita,July,2,2013
There is no game : Wrong dimension,1214,87,Switch,April,14,2021
Puzzle Quest: Challenge of the Warlords,1215,87,Xbox 360,October,10,2007
Forza Horizon 3: Hot Wheels,1216,87,Xbox One,May,9,2017
Hex: Shards of Fate,1217,87,PC,January,26,2016
World of Warcraft: Warlords of Draenor,1218,87,PC,November,13,2014
LittleBigPlanet,1219,87,PSP,November,17,2009
Okami HD,1220,87,Xbox One,December,12,2017
PixelJunk Shooter,1221,87,PlayStation 3,December,10,2009
Warhammer 40000: Dawn of War - Dark Crusade,1222,87,PC,October,9,2006
Final Fantasy VII Remake Intergrade,1223,87,PC,December,16,2021
Dark Cloud 2,1224,87,PlayStation 2,February,17,2003
GRID,1225,87,Xbox 360,June,3,2008
West of Loathing,1226,87,PC,August,10,2017
Tom Clancy's Splinter Cell Pandora Tomorrow,1227,87,PlayStation 2,June,16,2004
Iconoclasts,1228,87,PC,January,23,2018
Kingdom Hearts II,1229,87,PlayStation 2,March,28,2006
Iconoclasts,1230,87,Switch,August,2,2018
Fallout 4,1231,87,PlayStation 4,November,10,2015
NBA 2K14,1232,87,Xbox 360,October,1,2013
Bayonetta,1233,87,PlayStation 3,January,5,2010
Ratchet & Clank Future: A Crack in Time,1234,87,PlayStation 3,October,27,2009
ESPN NBA Basketball,1235,87,Xbox,October,22,2003
MotoGP 2,1236,87,Xbox,May,21,2003
Guilty Gear X2,1237,87,PlayStation 2,February,3,2003
Sonic Advance,1238,87,Game Boy Advance,February,3,2002
Half-Life,1239,87,PlayStation 2,November,11,2001
Commandos 2: Men of Courage,1240,87,PC,September,20,2001
Spider-Man,1241,87,PlayStation,August,30,2000
Tenchu: Stealth Assassins,1242,87,PlayStation,August,31,1998
Shin Megami Tensei: Persona 3,1243,86,PlayStation 2,August,14,2007
PixelJunk Monsters Deluxe,1244,86,PSP,September,30,2009
Forza Horizon 3,1245,86,PC,September,27,2016
Tales From The Borderlands: Episode 5 - The Vault of the Traveler,1246,86,PC,October,20,2015
Unreal Tournament III,1247,86,PlayStation 3,December,11,2007
LostWinds: Winter of the Melodias,1248,86,Wii,October,19,2009
Thumper,1249,86,Xbox One,August,18,2017
Bastion,1250,86,PC,August,16,2011
The Witness,1251,86,Xbox One,September,13,2016
Gone Home,1252,86,PC,August,15,2013
Bustafellows,1253,86,Switch,July,30,2021
Pac-Man Championship Edition DX +,1254,86,PC,September,24,2013
Kirby's Epic Yarn,1255,86,Wii,October,17,2010
Bomberman Blast,1256,86,Wii,September,29,2008
DJ Hero 2,1257,86,PlayStation 3,October,19,2010
Uncharted: The Nathan Drake Collection,1258,86,PlayStation 4,October,9,2015
The Elder Scrolls IV: Shivering Isles,1259,86,Xbox 360,March,26,2007
Rocket League,1260,86,Switch,November,14,2017
Supreme Commander,1261,86,PC,February,20,2007
Tales from the Borderlands: A Telltale Game Series,1262,86,PlayStation 4,October,20,2015
Total War: Shogun 2 - Fall of the Samurai,1263,86,PC,March,22,2012
Startopia,1264,86,PC,June,19,2001
NBA Live 2001,1265,86,PlayStation,October,16,2000
Enemy Engaged: RAH-66 Comanche Versus Ka-52 Hokum,1266,86,PC,July,31,2000
Silent Hill,1267,86,PlayStation,January,31,1999
Fallout 2,1268,86,PC,October,29,1998
Oddworld: Abe's Oddysee - New 'n' Tasty,1269,86,PC,February,25,2015
Kirby: Canvas Curse,1270,86,DS,June,13,2005
Burnout Legends,1271,86,PSP,September,13,2005
Final Fantasy XIV: Heavensward,1272,86,PC,June,23,2015
Football Manager 2013,1273,86,PC,November,1,2012
Out of the Park Baseball 14,1274,86,PC,April,15,2013
ESPN NHL 2K5,1275,86,PlayStation 2,August,30,2004
DiRT Rally,1276,86,Xbox One,April,5,2016
The Witcher: Enhanced Edition,1277,86,PC,September,16,2008
UFC Undisputed 3,1278,86,PlayStation 3,February,14,2012
Borderlands: The Secret Armory of General Knoxx,1279,86,PC,February,25,2010
Call of Duty 2,1280,86,PC,October,25,2005
F1 2017,1281,86,PlayStation 4,August,25,2017
Crash Bandicoot 4: It's About Time,1282,86,PlayStation 5,March,12,2021
Astebreed,1283,86,PC,May,30,2014
Winning Eleven: Pro Evolution Soccer 2007,1284,86,PlayStation 2,February,6,2007
Sid Meier's Civilization VI,1285,86,Xbox One,November,22,2019
NASCAR 2005: Chase for the Cup,1286,86,Xbox,August,31,2004
Onimusha: Warlords,1287,86,PlayStation 2,March,13,2001
Ground Control,1288,86,PC,June,1,2000
Cuphead,1289,86,Xbox One,September,29,2017
Velocity 2X,1290,86,PlayStation 4,September,2,2014
Killer Instinct Season 3,1291,86,Xbox One,March,29,2016
Valkyria Chronicles,1292,86,PlayStation 3,November,4,2008
Yakuza: Like a Dragon,1293,86,PlayStation 5,March,2,2021
Pillars of Eternity: Complete Edition,1294,86,Xbox One,August,29,2017
Shovel Knight,1295,86,Xbox One,April,21,2015
Mass Effect Legendary Edition,1296,86,PlayStation 4,May,14,2021
Overboard!,1297,86,Switch,June,2,2021
The Messenger,1298,86,Switch,August,30,2018
Resistance: Fall of Man,1299,86,PlayStation 3,November,14,2006
Boom Blox Bash Party,1300,86,Wii,May,19,2009
Kentucky Route Zero,1301,86,PC,February,22,2013
Stardew Valley,1302,86,PlayStation 4,December,13,2016
Rise of the Tomb Raider,1303,86,PC,January,28,2016
NBA 2K14,1304,86,Xbox One,November,12,2013
Total War: WARHAMMER,1305,86,PC,May,24,2016
Might & Magic: Clash of Heroes,1306,86,DS,December,1,2009
Madden NFL 06,1307,86,Xbox,August,8,2005
F1 2020,1308,86,PlayStation 4,July,6,2020
Donkey Kong Country: Tropical Freeze,1309,86,Switch,May,4,2018
Monster Boy and the Cursed Kingdom,1310,86,Switch,December,4,2018
BlazBlue: Calamity Trigger,1311,86,Xbox 360,June,30,2009
Resident Evil 5,1312,86,PC,September,15,2009
Saints Row IV,1313,86,PC,August,19,2013
Need for Speed: Most Wanted U,1314,86,Wii U,March,19,2013
DmC: Devil May Cry Definitive Edition,1315,86,Xbox One,March,10,2015
Mercenaries,1316,86,Xbox,January,10,2005
Final Fantasy X / X-2 HD Remaster,1317,86,PlayStation Vita,March,18,2014
Guitar Hero: Metallica,1318,86,PlayStation 3,March,29,2009
EverQuest: Omens of War,1319,86,PC,September,13,2004
Golden Sun: The Lost Age,1320,86,Game Boy Advance,April,14,2003
Steel Beasts,1321,86,PC,September,24,2000
Test Drive V-Rally,1322,86,Dreamcast,July,2,2000
Total Annihilation,1323,86,PC,September,27,1997
Monster Hunter 4 Ultimate,1324,86,3DS,February,13,2015
Need for Speed: Hot Pursuit,1325,86,PC,November,16,2010
Transistor,1326,86,Switch,November,1,2018
FIFA Soccer 13,1327,86,PC,September,25,2012
Patapon,1328,86,PSP,February,26,2008
Sid Meier's Civilization IV: Beyond the Sword,1329,86,PC,July,23,2007
Dragon Quest Builders 2,1330,86,PlayStation 4,July,12,2019
Sky Force Reloaded,1331,86,Xbox One,December,1,2017
Dragon Age: Origins,1332,86,Xbox 360,November,3,2009
Steins Gate Elite,1333,86,PlayStation 4,February,19,2019
The Sims 3,1334,86,PC,June,2,2009
NBA 2K16,1335,86,Xbox One,September,25,2015
Freedom Force vs The 3rd Reich,1336,86,PC,March,8,2005
Fluidity,1337,86,Wii,December,6,2010
Death Stranding,1338,86,PC,July,14,2020
Thimbleweed Park,1339,86,PlayStation 4,August,22,2017
Titanfall,1340,86,Xbox One,March,11,2014
Yakuza 0,1341,86,PC,August,1,2018
Deathloop,1342,86,PC,September,14,2021
Picross 3D: Round 2,1343,86,3DS,September,1,2016
Tomb Raider,1344,86,Xbox 360,March,5,2013
The Binding of Isaac: Rebirth,1345,86,PC,November,4,2014
Tribes: Ascend,1346,86,PC,April,12,2012
Titanfall,1347,86,PC,March,11,2014
Borderlands 2: Tiny Tina's Assault on Dragon Keep,1348,86,Xbox 360,June,25,2013
Rayman Origins,1349,86,PC,March,29,2012
Tony Hawk's Underground,1350,86,Game Boy Advance,October,27,2003
FIFA Soccer 2003,1351,86,GameCube,November,14,2002
Lunar 2: Eternal Blue Complete,1352,86,PlayStation,December,15,2000
Alundra,1353,86,PlayStation,December,31,1997
Minecraft,1354,86,Switch,June,21,2018
Gears of War 4,1355,86,PC,October,11,2016
Ni no Kuni: Wrath of the White Witch Remastered,1356,86,PlayStation 4,September,20,2019
Valfaris,1357,86,PC,October,10,2019
Shantae and the Pirate's Curse,1358,86,Switch,March,20,2018
Guilty Gear Xrd -REVELATOR-,1359,86,PlayStation 4,June,7,2016
Pinball FX 2: Marvel Pinball,1360,86,Xbox 360,December,8,2010
God of War: Ghost of Sparta,1361,86,PSP,November,2,2010
Trials HD,1362,86,Xbox 360,August,12,2009
Panzer Corps 2,1363,86,PC,March,19,2020
Her Story,1364,86,PC,June,24,2015
Diablo III: Ultimate Evil Edition,1365,86,Xbox One,August,19,2014
Punch-Out!!,1366,86,Wii,May,18,2009
ESPN College Hoops 2K5,1367,86,Xbox,November,17,2004
Suikoden III,1368,86,PlayStation 2,October,24,2002
Radiant Silvergun,1369,86,Xbox 360,September,14,2011
Starcraft II: Heart of the Swarm,1370,86,PC,March,12,2013
Dishonored 2,1371,86,PC,November,10,2016
Guacamelee! Super Turbo Championship Edition,1372,86,Switch,October,8,2018
Resident Evil 7: biohazard,1373,86,Xbox One,January,24,2017
Bit.Trip Presents...Runner2: Future Legend of Rhythm Alien,1374,86,PlayStation 3,March,5,2013
Mass Effect 2: Lair of the Shadow Broker,1375,86,PC,September,7,2010
LEGO Star Wars II: The Original Trilogy,1376,86,PC,September,12,2006
Guilty Gear X2 #Reload,1377,86,Xbox,September,14,2004
Midnight Club II,1378,86,Xbox,June,3,2003
Dungeon Siege,1379,86,PC,March,31,2002
Star Wars: Knights of the Old Republic II: The Sith Lords,1380,86,Xbox,December,6,2004
Crysis 2,1381,86,PC,March,22,2011
Crashmo,1382,86,3DS,November,22,2012
Mass Effect Legendary Edition,1383,86,PC,May,14,2021
Mario & Luigi: Partners in Time,1384,86,DS,November,28,2005
Beyond Good & Evil,1385,86,PlayStation 2,November,11,2003
Mortal Kombat,1386,86,Xbox 360,April,19,2011
Call of Duty: Modern Warfare 2,1387,86,PC,November,10,2009
Guitar Hero World Tour,1388,86,Wii,October,26,2008
Brothers: A Tale of Two Sons,1389,86,Xbox 360,August,7,2013
SoulCalibur III,1390,86,PlayStation 2,October,25,2005
NHL 12,1391,86,PlayStation 3,September,13,2011
NCAA Football 11,1392,86,Xbox 360,July,13,2010
Street Fighter III: Third Strike Online Edition,1393,86,Xbox 360,August,24,2011
Final Fantasy XII: The Zodiac Age,1394,86,PlayStation 4,July,11,2017
The Secret of Monkey Island: Special Edition,1395,86,PC,July,15,2009
Max Payne 2: The Fall of Max Payne,1396,86,PC,October,14,2003
Star Wars Pinball,1397,86,Switch,September,13,2019
Homeworld Remastered Collection,1398,86,PC,February,25,2015
CrossCode,1399,86,PC,September,20,2018
Galactic Civilizations II: Dread Lords,1400,86,PC,February,21,2006
Planet Puzzle League,1401,86,DS,June,4,2007
Wolfenstein II: The New Colossus,1402,86,PC,October,27,2017
Animal Crossing: Wild World,1403,86,DS,December,5,2005
Tomb Raider,1404,86,PC,March,4,2013
Disco Elysium: The Final Cut,1405,86,PlayStation 4,March,30,2021
DmC: Devil May Cry,1406,86,Xbox 360,January,15,2013
Nioh 2: The Complete Edition,1407,86,PC,February,5,2021
Medal of Honor Underground,1408,86,PlayStation,October,23,2000
Dino Crisis 2,1409,86,PlayStation,September,29,2000
Star Trek: Voyager Elite Force,1410,86,PC,September,20,2000
Need for Speed: High Stakes,1411,86,PlayStation,March,1,1999
Dragon Ball FighterZ,1412,86,Xbox One,January,26,2018
Destiny 2: Forsaken,1413,86,Xbox One,September,4,2018
Street Fighter III: Third Strike Online Edition,1414,86,PlayStation 3,August,23,2011
Professor Layton and the Unwound Future,1415,86,DS,September,12,2010
Assassin's Creed IV: Black Flag,1416,86,Xbox 360,October,29,2013
We Love Katamari,1417,86,PlayStation 2,September,20,2005
Worldwide Soccer Manager 2008,1418,86,PC,October,23,2007
Dance Central 2,1419,86,Xbox 360,October,25,2011
Fell Seal: Arbiter's Mark,1420,86,PlayStation 4,April,30,2019
Sly Cooper and the Thievius Raccoonus,1421,86,PlayStation 2,September,23,2002
IL-2 Sturmovik: Forgotten Battles,1422,86,PC,March,2,2003
Geometry Wars: Retro Evolved,1423,86,Xbox 360,November,22,2005
Fight Night Round 3,1424,86,Xbox 360,February,20,2006
F1 2016,1425,86,PC,August,19,2016
Amplitude,1426,86,PlayStation 2,March,24,2003
Bastion,1427,86,Xbox 360,July,20,2011
DiRT 3,1428,86,PC,May,23,2011
Minecraft: PlayStation 3 Edition,1429,86,PlayStation 3,December,17,2013
Devotion,1430,86,PC,February,19,2019
Sonic Mania,1431,86,PlayStation 4,August,15,2017
The Legend of Zelda: Four Swords Adventures,1432,86,GameCube,June,7,2004
Joe Danger,1433,86,PlayStation 3,June,8,2010
Tales of Symphonia,1434,86,GameCube,July,13,2004
Fight Night Champion,1435,86,Xbox 360,March,1,2011
NBA Live 2004,1436,86,PlayStation 2,October,14,2003
Colin McRae Rally 3,1437,86,PlayStation 2,April,22,2003
Tom Clancy's Rainbow Six 3,1438,86,Xbox,March,14,2003
Colin McRae Rally 3,1439,86,Xbox,February,18,2003
Burnout 2: Point of Impact,1440,86,PlayStation 2,September,30,2002
Unreal Tournament 2003,1441,86,PC,September,30,2002
Age of Wonders II: The Wizard's Throne,1442,86,PC,June,12,2002
Daytona USA,1443,86,Dreamcast,March,12,2001
Links 2001,1444,86,PC,October,24,2000
EverQuest: The Ruins of Kunark,1445,86,PC,March,24,2000
Full Throttle,1446,86,PC,April,30,1995
Katamari Damacy,1447,86,PlayStation 2,September,21,2004
The Lord of the Rings Online: Shadows of Angmar,1448,86,PC,April,24,2007
Grand Theft Auto: Vice City Stories,1449,86,PSP,October,31,2006
Desperados III,1450,86,PC,June,16,2020
Mortal Kombat 11,1451,86,Xbox One,April,23,2019
Pony Island,1452,86,PC,January,4,2016
Tomb Raider: Definitive Edition,1453,86,Xbox One,January,28,2014
Warhammer 40000: Dawn of War,1454,86,PC,September,20,2004
Diablo III,1455,86,PlayStation 3,September,3,2013
MLB The Show 19,1456,86,PlayStation 4,March,26,2019
The Forgotten City,1457,86,Xbox Series X,July,28,2021
Tom Clancy's Ghost Recon Advanced Warfighter 2,1458,86,Xbox 360,March,6,2007
Tales From Space: Mutant Blobs Attack,1459,86,PlayStation Vita,February,21,2012
Sid Meier's Civilization VI,1460,86,Switch,November,16,2018
Max Payne 3,1461,86,Xbox 360,May,15,2012
Skate,1462,86,Xbox 360,September,14,2007
Warhammer Online: Age of Reckoning,1463,86,PC,September,16,2008
Resident Evil 7: biohazard,1464,86,PlayStation 4,January,24,2017
NHL 12,1465,86,Xbox 360,September,13,2011
Rise of the Tomb Raider,1466,86,Xbox One,November,10,2015
Dead Space (2008),1467,86,PC,October,20,2008
PlayerUnknown's Battlegrounds,1468,86,PC,December,20,2017
Advance Wars: Days of Ruin,1469,86,DS,January,21,2008
The Elder Scrolls IV - Knights of the Nine,1470,86,Xbox 360,November,21,2006
Thumper,1471,86,PC,October,10,2016
Rocksmith 2014 Edition,1472,86,PlayStation 3,October,22,2013
Bionic Commando Rearmed,1473,86,PC,August,13,2008
DJ Hero,1474,86,PlayStation 3,October,27,2009
Forza Horizon 2,1475,86,Xbox One,September,30,2014
Monster Train,1476,86,PC,May,21,2020
FIFA 14,1477,86,PlayStation 3,September,24,2013
Crypt of the NecroDancer: Nintendo Switch Edition,1478,86,Switch,February,1,2018
Observer,1479,86,Xbox One,August,15,2017
ZEN Pinball 2,1480,86,PlayStation 3,September,4,2012
Moto Racer Advance,1481,86,Game Boy Advance,December,5,2002
Command & Conquer: Red Alert 2 - Yuri's Revenge,1482,86,PC,October,10,2001
Europa Universalis,1483,86,PC,February,2,2001
Escape from Monkey Island,1484,86,PC,November,8,2000
Beat Saber,1485,86,PlayStation 4,November,20,2018
SteamWorld Heist,1486,86,3DS,December,10,2015
IL-2 Sturmovik: 1946,1487,86,PC,March,13,2007
XCOM: Enemy Within,1488,86,PC,November,11,2013
Mini Motorways,1489,86,PC,July,20,2021
Cuphead,1490,86,PlayStation 4,July,28,2020
Warframe,1491,86,Switch,November,20,2018
Final Fantasy XIV: Heavensward,1492,86,PlayStation 4,June,23,2015
Bayonetta,1493,86,Wii U,October,24,2014
Luigi's Mansion 3,1494,86,Switch,October,31,2019
Dance Central 3,1495,86,Xbox 360,October,16,2012
Shatter,1496,86,PlayStation 3,July,23,2009
Final Fantasy XIV Online: A Realm Reborn,1497,86,PlayStation 4,April,14,2014
Titanfall 2,1498,86,PC,October,28,2016
Luigi's Mansion: Dark Moon,1499,86,3DS,March,24,2013
DJ Hero 2,1500,86,Xbox 360,October,19,2010
Guitar Hero III: Legends of Rock,1501,86,Wii,October,28,2007
Psychonauts,1502,86,PlayStation 2,June,21,2005
Guitar Hero 5,1503,86,PlayStation 3,September,1,2009
AI: The Somnium Files,1504,86,Switch,September,17,2019
Battlefield 3: Back to Karkand,1505,86,PC,December,13,2011
Dragon Quest XI: Echoes of an Elusive Age,1506,86,PlayStation 4,September,4,2018
F-Zero: Maximum Velocity,1507,86,Game Boy Advance,June,12,2001
Dying Light: The Following,1508,86,Xbox One,February,9,2016
Destiny: The Taken King,1509,86,PlayStation 4,September,15,2015
Heroes of the Storm,1510,86,PC,June,2,2015
DiRT 4,1511,86,Xbox One,June,6,2017
Code:Realize - Guardian of Rebirth,1512,86,PlayStation Vita,October,20,2015
Tom Clancy's Rainbow Six Vegas,1513,86,PlayStation 3,June,26,2007
Civilization III: Conquests,1514,86,PC,November,4,2003
Turok 2: Seeds of Evil,1515,86,Nintendo 64,October,21,1998
Path of Exile,1516,86,PC,January,25,2013
Battlefield: Bad Company 2 Vietnam,1517,86,PC,December,18,2010
Football Manager 2022,1518,86,PC,November,9,2021
Guilty Gear Xrd: Rev 2,1519,86,PlayStation 4,May,26,2017
OlliOlli2: Welcome to Olliwood,1520,86,PlayStation 4,March,3,2015
Assault Android Cactus+,1521,86,Switch,March,8,2019
Assassin's Creed II,1522,86,PC,March,9,2010
Forza Motorsport 7,1523,86,Xbox One,September,29,2017
Sumire,1524,86,Switch,May,27,2021
Huntdown,1525,86,Switch,May,12,2020
NHL 08,1526,86,PlayStation 3,September,11,2007
ENDER LILIES: Quietus of the Knights,1527,86,PC,June,22,2021
Mortal Kombat X,1528,86,Xbox One,April,14,2015
Football Manager 2019,1529,86,PC,November,2,2018
Gunman Clive HD Collection,1530,86,Wii U,September,3,2015
Persona 4 Arena,1531,86,PlayStation 3,August,7,2012
Viewtiful Joe 2,1532,86,GameCube,November,18,2004
BlazBlue: Central Fiction - Special Edition,1533,86,Switch,February,7,2019
Day of the Tentacle Remastered,1534,86,PC,March,21,2016
The Elder Scrolls IV: Shivering Isles,1535,86,PC,March,26,2007
Assassin's Creed Odyssey,1536,86,PC,October,2,2018
Cyberpunk 2077,1537,86,PC,December,10,2020
Madden NFL 06,1538,86,GameCube,August,8,2005
Xenoblade Chronicles 3D,1539,86,3DS,April,10,2015
Fire Emblem Fates: Birthright,1540,86,3DS,February,19,2016
DiRT Rally,1541,86,PC,December,7,2015
Sonic Mania,1542,86,Switch,August,15,2017
Rocket League,1543,86,PC,July,5,2015
The Legend of Zelda: Twilight Princess HD,1544,86,Wii U,March,4,2016
F1 2021,1545,86,PC,July,16,2021
Mini Metro,1546,86,Switch,August,30,2018
Dark Souls Remastered,1547,86,Xbox One,May,25,2018
Injustice 2,1548,86,PC,November,30,2017
The Legend of Heroes: Trails of Cold Steel,1549,86,PlayStation 3,December,22,2015
Resogun: Heroes,1550,86,PlayStation 4,June,24,2014
Tetris Party,1551,86,Wii,October,20,2008
ESPN College Hoops 2K5,1552,86,PlayStation 2,November,17,2004
Allegiance,1553,86,PC,March,31,2000
Cadence of Hyrule: Crypt of the NecroDancer Featuring The Legend of Zelda,1554,85,Switch,June,13,2019
Monster Hunter Generations,1555,85,3DS,July,15,2016
Radiant Historia,1556,85,DS,February,22,2011
Shantae: Risky's Revenge,1557,85,DS,October,4,2010
Castlevania: Portrait of Ruin,1558,85,DS,December,5,2006
Chivalry 2,1559,85,PlayStation 5,April,23,2021
Risk of Rain 2,1560,85,PC,August,11,2020
Tom Clancy's Splinter Cell: Conviction,1561,85,Xbox 360,April,13,2010
Aggressive Inline,1562,85,PlayStation 2,May,28,2002
The Talos Principle,1563,85,PC,December,11,2014
Cities: Skylines,1564,85,PC,March,10,2015
DiRT Rally,1565,85,PlayStation 4,April,5,2016
Project Gotham Racing 4,1566,85,Xbox 360,October,2,2007
Metroid Prime: Hunters,1567,85,DS,March,20,2006
Thumper,1568,85,Switch,May,18,2017
Crypt of the NecroDancer,1569,85,PlayStation 4,February,2,2016
Disco Elysium: The Final Cut,1570,85,Switch,October,12,2021
Metroid: Samus Returns,1571,85,3DS,September,15,2017
OlliOlli2: Welcome to Olliwood,1572,85,PlayStation Vita,March,3,2015
Dragon Quest VIII: Journey of the Cursed King,1573,85,3DS,January,20,2017
Midnight Club 3: DUB Edition Remix,1574,85,PlayStation 2,March,13,2006
NHL 08,1575,85,Xbox 360,September,12,2007
Ni no Kuni: Wrath of the White Witch,1576,85,PlayStation 3,January,22,2013
The Wolf Among Us: Episode 1 - Faith,1577,85,PlayStation 3,October,15,2013
Deep Rock Galactic,1578,85,PC,May,13,2020
UFC Undisputed 2010,1579,85,PlayStation 3,May,25,2010
Prince of Persia: The Two Thrones,1580,85,PlayStation 2,December,1,2005
Guilty Gear -Strive-,1581,85,PC,June,11,2021
Plants vs. Zombies,1582,85,PlayStation 3,February,8,2011
NBA Live 2004,1583,85,Xbox,October,14,2003
NHL 2004,1584,85,Xbox,September,22,2003
Hitman 2: Silent Assassin,1585,85,PlayStation 2,October,1,2002
Falcon 4.0,1586,85,PC,November,30,1998
Tom Clancy's Rainbow Six,1587,85,PC,August,21,1998
Oddworld: Abe's Oddysee,1588,85,PlayStation,August,31,1997
Wasteland 3,1589,85,PC,August,28,2020
Madden NFL 2005,1590,85,PC,September,14,2004
Legend of Grimrock II,1591,85,PC,October,15,2014
Madden NFL 09,1592,85,PlayStation 3,August,12,2008
Guitar Hero III: Legends of Rock,1593,85,Xbox 360,October,28,2007
NHL 20,1594,85,Xbox One,September,10,2019
Returnal,1595,85,PlayStation 5,April,30,2021
The Sly Collection,1596,85,PlayStation 3,November,9,2010
Tatsunoko vs. Capcom: Ultimate All-Stars,1597,85,Wii,January,26,2010
Thronebreaker: The Witcher Tales,1598,85,Xbox One,December,4,2018
Sam & Max Episode 205: What's New Beelzebub?,1599,85,PC,April,10,2008
Daxter,1600,85,PSP,March,14,2006
Dragon Age: Inquisition,1601,85,PC,November,18,2014
Tales from the Borderlands: A Telltale Game Series,1602,85,PC,October,20,2015
Hearthstone: Heroes of Warcraft - Whispers of the Old Gods,1603,85,PC,April,26,2016
Among Us,1604,85,PC,November,16,2018
MLB 08: The Show,1605,85,PlayStation 3,March,4,2008
Unreal Championship 2: The Liandri Conflict,1606,85,Xbox,April,18,2005
13 Sentinels: Aegis Rim,1607,85,PlayStation 4,September,22,2020
The Outer Worlds,1608,85,PlayStation 4,October,25,2019
Firewatch,1609,85,Xbox One,September,21,2016
Battlefield 4,1610,85,PlayStation 4,November,12,2013
Tom Clancy's Rainbow Six: Vegas,1611,85,PC,December,12,2006
Super Street Fighter IV: 3D Edition,1612,85,3DS,March,27,2011
City of Heroes,1613,85,PC,April,27,2004
Mass Effect 3: Special Edition,1614,85,Wii U,November,13,2012
Castle Crashers,1615,85,PlayStation 3,August,31,2010
Pokemon Pearl Version,1616,85,DS,April,22,2007
Blaster Master Zero II,1617,85,Switch,March,20,2019
Lara Croft and the Guardian of Light,1618,85,Xbox 360,August,18,2010
BlazBlue: Chrono Phantasma Extend,1619,85,PC,March,2,2016
SWAT 4,1620,85,PC,April,5,2005
Midnight Club II,1621,85,PlayStation 2,April,9,2003
Aggressive Inline,1622,85,Xbox,July,29,2002
Rollcage Stage II,1623,85,PlayStation,October,10,2000
EverQuest,1624,85,PC,March,16,1999
F-Zero X,1625,85,Nintendo 64,September,30,1998
Final Fantasy XII: The Zodiac Age,1626,85,Switch,April,30,2019
Trials Evolution: Origin of Pain,1627,85,Xbox 360,October,5,2012
Tom Clancy's Splinter Cell Double Agent,1628,85,Xbox 360,October,17,2006
Pillars of Eternity: Complete Edition,1629,85,PlayStation 4,August,29,2017
Bravely Default,1630,85,3DS,February,7,2014
Guacamelee! 2,1631,85,Xbox One,January,18,2019
DOOM,1632,85,PlayStation 4,May,13,2016
Slay the Spire,1633,85,Switch,June,6,2019
Far Cry Instincts,1634,85,Xbox,September,27,2005
Warhammer 40000: Dawn of War II,1635,85,PC,February,18,2009
Call of Duty: Black Ops 4,1636,85,Xbox One,October,12,2018
Paradigm,1637,85,PC,April,5,2017
NBA 2K14,1638,85,PlayStation 4,November,12,2013
Battlefield 3,1639,85,PlayStation 3,October,25,2011
Tekken Tag Tournament,1640,85,PlayStation 2,October,25,2000
Onimusha 3: Demon Siege,1641,85,PlayStation 2,April,27,2004
Red Faction: Guerrilla,1642,85,PlayStation 3,June,2,2009
Bug Fables: The Everlasting Sapling,1643,85,Switch,May,28,2020
Final Fantasy X-2,1644,85,PlayStation 2,November,18,2003
Night in the Woods,1645,85,Switch,February,1,2018
Battlerite,1646,85,PC,November,8,2017
Command & Conquer 3: Tiberium Wars,1647,85,PC,March,26,2007
Madden NFL 10,1648,85,Xbox 360,August,14,2009
Batman: Arkham Knight,1649,85,Xbox One,June,23,2015
Assassin's Creed III,1650,85,Wii U,November,18,2012
Astro Boy: Omega Factor,1651,85,Game Boy Advance,August,18,2004
BlazBlue: Continuum Shift,1652,85,Xbox 360,July,27,2010
Life is Strange,1653,85,PlayStation 4,October,20,2015
Bit.Trip Presents...Runner2: Future Legend of Rhythm Alien,1654,85,PC,February,26,2013
Hotline Miami,1655,85,PC,October,23,2012
Guitar Hero World Tour,1656,85,Xbox 360,October,26,2008
Metro Exodus: Complete Edition,1657,85,PC,May,6,2021
Final Fantasy XV: Windows Edition,1658,85,PC,March,6,2018
Nioh: Bloodshed's End,1659,85,PlayStation 4,September,26,2017
Out of the Park Baseball 13,1660,85,PC,April,9,2012
NHL 2004,1661,85,GameCube,September,22,2003
World Series Baseball,1662,85,Xbox,May,19,2002
Wizardry 8,1663,85,PC,November,14,2001
Aliens Versus Predator 2,1664,85,PC,October,31,2001
Operation Flashpoint: Cold War Crisis,1665,85,PC,August,30,2001
Rumble Racing,1666,85,PlayStation 2,April,23,2001
Metal Slug X,1667,85,PlayStation,April,14,2001
Tropico,1668,85,PC,April,5,2001
Giants: Citizen Kabuto,1669,85,PC,December,6,2000
MotoGP 3: Ultimate Racing Technology,1670,85,Xbox,August,30,2005
Rocket League,1671,85,PlayStation 4,July,7,2015
Dead or Alive 4,1672,85,Xbox 360,December,29,2005
NASCAR SimRacing,1673,85,PC,February,15,2005
Pure,1674,85,Xbox 360,September,23,2008
LocoRoco 2,1675,85,PSP,February,10,2009
Crysis 2,1676,85,PlayStation 3,March,22,2011
The Lord of the Rings Online: Mines of Moria,1677,85,PC,November,17,2008
SoulCalibur IV,1678,85,PlayStation 3,July,29,2008
Kingdom Hearts,1679,85,PlayStation 2,September,16,2002
Marvel's Spider-Man: Miles Morales,1680,85,PlayStation 5,November,12,2020
The Binding of Isaac: Afterbirth,1681,85,PC,October,30,2015
Hotline Miami,1682,85,PlayStation Vita,June,25,2013
Amnesia: The Dark Descent,1683,85,PC,September,8,2010
SoulCalibur IV,1684,85,Xbox 360,July,29,2008
Control: Ultimate Edition,1685,85,PlayStation 5,February,2,2021
Project Gotham Racing,1686,85,Xbox,November,14,2001
Fable,1687,85,Xbox,September,14,2004
Forza Horizon,1688,85,Xbox 360,October,23,2012
Roki,1689,85,PlayStation 5,October,28,2021
Huntdown,1690,85,PC,May,12,2020
Chaos Reborn,1691,85,PC,October,26,2015
Assassin's Creed Origins,1692,85,Xbox One,October,27,2017
GTR: FIA GT Racing Game,1693,85,PC,May,3,2005
Final Fantasy IX,1694,85,PlayStation 4,September,19,2017
Shadow Hearts: Covenant,1695,85,PlayStation 2,September,27,2004
Rogue Legacy,1696,85,PlayStation Vita,July,29,2014
Control,1697,85,PC,August,27,2019
Madden NFL 10,1698,85,PlayStation 3,August,14,2009
Syphon Filter: Logan's Shadow,1699,85,PSP,October,2,2007
Football Manager 2011,1700,85,PC,November,4,2010
